value_decimal,initial_num_gates,lowest_gates,delta_gates
20224,4,4,0
36608,3,3,0
22272,5,5,0
51712,5,5,0
35840,5,5,0
3983,6,6,0
32512,4,4,0
35535,5,5,0
1036,5,5,0
1087,5,5,0
3003,4,4,0
59904,4,4,0
28672,4,4,0
41642,5,5,0
34984,5,5,0
28927,4,4,0
43008,6,4,2
1423,4,4,0
21504,7,5,2
21877,7,5,2
16469,4,4,0
2047,5,5,0
1911,3,3,0
29296,5,5,0
28799,6,5,1
53333,5,5,0
63624,4,4,0
32947,8,5,3
34959,6,4,2
14344,10,5,5
29696,6,5,1
32768,5,5,0
8971,6,5,1
9984,7,6,1
54613,5,5,0
5461,5,5,0
41196,5,5,0
20567,7,6,1
35471,8,5,3
47240,7,7,0
16170,5,5,0
30551,6,6,0
7487,6,6,0
32853,5,5,0
12405,7,7,0
16463,9,6,3
29218,8,5,3
10912,9,6,3
32576,6,5,1
9637,6,6,0
49264,9,6,3
57890,7,6,1
43632,8,8,0
12785,8,5,3
2955,6,7,-1
16399,6,6,0
19534,6,6,0
3247,8,5,3
18191,8,5,3
2562,6,6,0
2764,8,7,1
53504,6,6,0
12595,6,6,0
30064,9,6,3
61648,6,6,0
13616,9,6,3
43776,6,6,0
13600,9,6,3
8192,6,6,0
11019,10,6,4
65288,7,5,2
47891,6,6,0
29523,8,7,1
36746,7,6,1
63360,7,6,1
13617,6,6,0
47792,8,6,2
34928,9,6,3
15034,6,6,0
44172,6,7,-1
9732,11,6,5
50240,9,6,3
44808,9,8,1
36362,8,6,2
5951,8,6,2
50624,8,6,2
4592,9,6,3
33587,6,6,0
10764,9,6,3
32810,8,6,2
32991,7,6,1
22528,7,6,1
32780,7,6,1
4344,8,6,2
7517,7,7,0
14335,7,5,2
42791,7,6,1
4447,8,6,2
2284,7,6,1
5495,8,8,0
3871,8,6,2
45553,8,8,0
19677,8,8,0
4155,7,6,1
45557,7,6,1
56591,7,7,0
22352,8,6,2
30079,6,6,0
3952,9,6,3
25760,6,6,0
53584,7,6,1
32996,11,6,5
20700,6,6,0
56332,7,7,0
1638,7,6,1
15088,7,6,1
20522,11,6,5
53299,10,6,4
16298,7,6,1
45308,7,7,0
36643,7,6,1
3336,6,6,0
4319,9,6,3
56784,6,6,0
50252,8,6,2
3340,6,6,0
1024,7,7,0
47888,7,6,1
1826,8,6,2
16187,7,7,0
41519,8,6,2
16592,9,7,2
61556,7,6,1
25852,10,8,2
28727,8,7,1
37333,8,7,1
20855,9,9,0
14396,7,7,0
12689,10,7,3
50790,8,6,2
53496,8,8,0
36749,7,7,0
7984,8,8,0
37727,7,6,1
30020,7,7,0
34176,10,7,3
10151,8,8,0
1408,13,7,6
30832,8,7,1
15436,10,7,3
57175,7,6,1
41548,9,7,2
24347,7,7,0
55344,14,7,7
7940,9,7,2
1476,9,7,2
52430,8,6,2
5599,9,8,1
30485,8,7,1
9504,11,7,4
25314,8,7,1
16432,8,7,1
9228,9,7,2
33331,10,7,3
18636,8,7,1
62288,7,6,1
8012,8,8,0
43939,9,7,2
58096,8,7,1
32672,7,7,0
1839,10,7,3
12530,9,7,2
49173,10,7,3
45075,14,7,7
28979,12,8,4
32775,9,7,2
59392,9,8,1
50653,8,7,1
1231,11,7,4
19717,9,7,2
23839,10,9,1
18442,11,7,4
43048,10,8,2
51714,10,7,3
2995,7,7,0
18568,8,7,1
1927,7,7,0
17934,14,7,7
41393,9,9,0
43912,9,7,2
1811,8,7,1
49380,10,7,3
3488,12,7,5
8961,7,7,0
2319,9,7,2
14384,7,6,1
1392,12,7,5
6674,10,7,3
42277,7,7,0
17671,7,7,0
62224,10,7,3
43728,9,9,0
41024,9,7,2
23323,7,7,0
20983,9,7,2
19020,7,7,0
23760,10,7,3
24780,10,7,3
2911,9,8,1
58560,8,8,0
44963,8,7,1
61120,7,7,0
4308,10,7,3
49331,11,8,3
45919,7,7,0
36000,10,8,2
15153,8,7,1
17668,10,7,3
20739,8,7,1
33543,13,7,6
39296,9,7,2
43983,10,7,3
1284,8,6,2
20632,9,7,2
47308,8,8,0
49603,8,7,1
23539,9,7,2
31234,13,7,6
41168,10,7,3
16490,10,8,2
45887,10,7,3
36558,9,7,2
29306,10,8,2
2457,7,7,0
64597,8,7,1
62416,7,7,0
11183,8,7,1
27328,7,7,0
12496,9,7,2
10766,8,7,1
17247,11,7,4
61664,7,7,0
26116,12,7,5
51384,11,7,4
47893,10,7,3
28794,8,7,1
48140,9,8,1
62967,8,6,2
41123,9,7,2
58789,7,7,0
45299,9,8,1
32927,11,7,4
12978,8,8,0
10240,8,7,1
49157,11,7,4
60544,7,7,0
54033,10,8,2
17715,11,7,4
4357,8,7,1
6666,8,7,1
34975,14,7,7
5533,9,8,1
26118,8,7,1
2321,8,7,1
52531,9,7,2
13061,10,7,3
1136,10,7,3
26436,10,7,3
32581,8,7,1
36100,11,7,4
30643,10,7,3
51360,11,7,4
42188,10,8,2
45858,10,7,3
51651,9,7,2
51340,9,7,2
32571,7,7,0
42247,11,7,4
56607,11,9,2
16324,10,7,3
2315,10,7,3
15280,7,7,0
44429,8,8,0
2702,9,9,0
1802,10,7,3
63648,9,9,0
15159,10,9,1
1281,7,7,0
12450,12,7,5
41180,10,7,3
19628,10,7,3
19395,7,7,0
6946,13,7,6
18687,9,7,2
32931,9,7,2
56816,8,7,1
27696,9,7,2
14592,9,7,2
5060,12,7,5
7615,11,8,3
54239,9,6,3
20953,10,9,1
11178,10,7,3
4215,10,7,3
22487,11,8,3
9248,13,8,5
17454,10,8,2
22399,10,8,2
47879,11,8,3
21283,11,8,3
54661,9,8,1
49856,9,8,1
28792,9,8,1
44680,8,8,0
37080,12,8,4
39305,10,10,0
29325,10,8,2
33073,11,8,3
3923,11,8,3
9156,11,8,3
2023,12,8,4
3791,9,8,1
64315,8,7,1
29432,10,8,2
21623,10,8,2
18243,12,9,3
13429,9,8,1
2931,11,8,3
18314,11,8,3
45135,8,8,0
5377,10,8,2
44704,8,8,0
56653,9,8,1
32632,10,8,2
34987,8,7,1
35044,13,9,4
61519,8,8,0
31351,8,8,0
3317,10,9,1
5379,13,8,5
2125,11,8,3
50688,9,8,1
17757,11,8,3
4011,8,7,1
26199,12,8,4
16657,9,7,2
39315,9,7,2
43148,9,7,2
54271,8,7,1
21696,13,8,5
2899,10,8,2
48640,9,8,1
44325,10,9,1
20698,10,9,1
33959,11,8,3
41552,11,8,3
39307,9,8,1
30501,13,9,4
47136,12,8,4
5583,11,8,3
58533,10,8,2
20765,11,8,3
29344,12,8,4
33280,8,7,1
33025,13,8,5
50672,9,9,0
3240,10,8,2
18150,9,9,0
41658,10,8,2
2728,10,8,2
54704,11,8,3
63626,9,9,0
29649,10,8,2
1475,11,8,3
62267,10,8,2
44868,9,9,0
35048,9,8,1
45059,8,8,0
2993,11,8,3
35375,9,8,1
21727,11,8,3
2489,11,8,3
18368,11,8,3
53523,11,8,3
5183,8,9,-1
23248,9,9,0
14904,11,8,3
8290,15,8,7
26383,9,8,1
9024,10,8,2
58176,14,8,6
9903,11,8,3
2884,11,9,2
53059,9,9,0
23146,10,8,2
15496,11,8,3
38199,14,9,5
8197,14,8,6
40277,9,10,-1
16389,8,7,1
45939,9,8,1
33570,12,8,4
38920,11,8,3
60524,8,8,0
39313,11,10,1
49364,9,9,0
62178,8,7,1
49371,10,10,0
18039,8,8,0
54609,11,8,3
23043,12,8,4
13256,8,8,0
58470,10,9,1
8448,9,8,1
47445,11,8,3
34727,10,9,1
4249,9,8,1
6890,9,8,1
11263,10,7,3
5888,8,8,0
1058,14,8,6
29226,10,8,2
44811,8,8,0
45264,12,7,5
4123,8,8,0
38963,9,8,1
10096,11,9,2
32245,9,7,2
23112,9,8,1
3776,10,8,2
16392,12,8,4
8485,11,8,3
28732,10,7,3
35626,9,8,1
3716,12,8,4
54043,14,8,6
1003,10,9,1
1102,10,8,2
1229,9,8,1
1185,13,12,1
1021,11,10,1
1022,12,11,1
1006,12,10,2
1325,9,8,1
1306,13,12,1
1354,12,11,1
1238,13,13,0
1217,12,11,1
1001,16,15,1
1005,14,12,2
1405,11,12,-1
1386,11,9,2
1480,10,8,2
1435,13,12,1
1441,13,10,3
1366,14,12,2
1431,14,12,2
1389,14,11,3
1369,13,11,2
1404,13,12,1
1489,10,8,2
1553,10,10,0
1434,12,10,2
1516,11,9,2
1528,11,9,2
1618,14,14,0
1486,12,10,2
1462,16,15,1
1494,16,16,0
1573,18,11,7
1632,12,9,3
1426,14,13,1
1646,13,9,4
1497,13,11,2
1639,13,10,3
1636,11,10,1
1652,11,9,2
1651,13,13,0
1679,8,8,0
1654,11,9,2
1384,15,14,1
1670,12,11,1
1637,15,11,4
1674,11,10,1
1633,16,15,1
1698,11,9,2
1672,12,11,1
1640,16,14,2
1662,16,11,5
1702,10,8,2
1710,11,8,3
1667,13,13,0
1695,12,8,4
1682,16,13,3
1657,18,14,4
1708,13,11,2
1712,15,10,5
1726,13,12,1
1718,12,12,0
1641,17,14,3
1659,17,14,3
1723,13,12,1
1727,11,10,1
1643,17,15,2
1560,21,15,6
1770,11,11,0
1762,13,11,2
1743,11,12,-1
1776,11,11,0
1724,15,12,3
1783,11,11,0
1778,9,9,0
1767,16,11,5
1751,14,12,2
1782,12,9,3
1699,16,14,2
1713,17,13,4
1689,14,11,3
1779,10,9,1
1717,15,15,0
1791,10,8,2
1768,15,11,4
1725,15,14,1
1763,15,13,2
1910,14,12,2
1785,12,11,1
1790,11,11,0
1922,13,10,3
1720,19,17,2
1771,16,14,2
1786,12,11,1
1941,12,11,1
1923,13,12,1
1936,15,10,5
1955,10,11,-1
1951,11,11,0
1915,12,11,1
1957,10,8,2
1949,13,12,1
1926,18,13,5
1958,13,10,3
1953,13,10,3
1942,15,12,3
1898,12,11,1
1948,15,15,0
1913,15,15,0
1956,14,13,1
1943,13,12,1
1912,12,11,1
1966,12,10,2
1964,14,11,3
1970,15,13,2
1976,11,11,0
1938,17,15,2
1969,15,13,2
1972,12,12,0
1973,12,12,0
1965,11,10,1
1914,13,13,0
1981,14,13,1
2022,14,10,4
1980,13,12,1
2020,12,12,0
2026,11,12,-1
2019,13,12,1
1978,12,12,0
2024,13,11,2
2017,13,13,0
2031,10,8,2
2027,12,12,0
1961,15,15,0
2034,11,9,2
2030,12,11,1
2040,8,8,0
2033,11,9,2
2038,15,12,3
2042,12,11,1
2046,14,14,0
2153,13,11,2
2130,13,11,2
2200,10,8,2
2041,14,13,1
2189,9,7,2
2185,13,11,2
2203,12,7,5
2178,13,11,2
2190,11,10,1
2219,9,7,2
2207,12,12,0
2194,15,14,1
2217,13,12,1
2182,18,13,5
2211,14,12,2
2236,14,9,5
2183,13,12,1
2283,9,9,0
2177,17,12,5
2206,15,14,1
2278,15,11,4
2225,13,11,2
2251,12,9,3
2291,7,7,0
2295,10,9,1
2272,12,9,3
2281,13,13,0
2287,11,9,2
2262,16,13,3
2297,13,13,0
2242,11,11,0
2302,13,10,3
2214,14,12,2
2289,15,12,3
2392,14,14,0
2294,14,12,2
2336,17,11,6
2448,12,10,2
2459,13,10,3
2449,11,10,1
2425,12,10,2
2456,13,10,3
2408,16,16,0
2475,11,8,3
2472,13,10,3
2483,11,11,0
2467,12,11,1
2473,9,9,0
2488,13,10,3
2482,15,11,4
2458,15,10,5
2450,16,16,0
2490,13,13,0
2513,11,9,2
2511,11,10,1
2493,16,11,5
2455,17,13,4
2454,14,13,1
2539,14,12,2
2528,15,10,5
2476,16,15,1
2545,9,9,0
2537,12,12,0
2555,11,11,0
2492,15,13,2
2534,15,12,3
2553,12,8,4
2544,11,10,1
2531,15,12,3
2498,15,14,1
2462,17,15,2
2552,11,10,1
2597,11,10,1
2543,11,11,0
2551,14,13,1
2550,12,12,0
2547,11,10,1
2542,13,12,1
2526,17,14,3
2554,11,10,1
2649,10,9,1
2693,10,9,1
2530,19,15,4
2646,11,9,2
2535,15,14,1
2661,10,10,0
2739,9,9,0
2731,10,8,2
2669,15,15,0
2709,9,9,0
2718,14,11,3
2558,17,18,-1
2738,12,10,2
2711,15,15,0
2741,12,9,3
2744,11,8,3
2723,12,9,3
2667,14,12,2
2743,11,11,0
2732,11,10,1
2727,11,11,0
2742,16,16,0
2770,11,8,3
2755,12,9,3
2773,9,9,0
2733,12,12,0
2758,10,9,1
2765,12,8,4
2771,13,10,3
2769,14,13,1
2779,12,9,3
2776,11,12,-1
2759,13,13,0
2780,11,11,0
2745,12,12,0
2782,10,9,1
2775,12,11,1
2788,12,9,3
2804,11,11,0
2789,13,12,1
2796,10,9,1
2801,12,10,2
2807,10,9,1
2795,12,11,1
2777,14,11,3
2797,12,12,0
2761,12,12,0
2814,9,8,1
2792,13,11,2
2812,11,9,2
2922,12,12,0
2960,11,9,2
2994,13,10,3
2813,11,10,1
2806,13,12,1
2809,12,11,1
2989,15,14,1
3002,9,10,-1
3000,12,10,2
3001,14,10,4
3004,14,11,3
3033,14,9,5
3035,12,8,4
3027,11,11,0
3032,13,13,0
2999,12,10,2
3025,14,12,2
2997,13,10,3
3034,13,13,0
3031,10,10,0
3026,13,13,0
2996,13,12,1
3044,11,11,0
3042,15,10,5
3038,14,14,0
3041,12,12,0
3052,12,12,0
3048,15,13,2
2998,15,15,0
3006,13,12,1
3064,10,9,1
3057,11,10,1
3060,9,9,0
3053,15,14,1
3043,12,12,0
3045,15,12,3
3580,9,9,0
3564,9,9,0
3065,15,13,2
3068,13,12,1
3058,11,10,1
3429,13,13,0
3680,11,9,2
3810,12,9,3
3302,13,10,3
3069,14,14,0
3294,12,10,2
3494,15,15,0
3814,14,9,5
3818,8,8,0
3738,13,14,-1
3816,13,11,2
3825,10,8,2
3836,8,8,0
3826,10,9,1
3838,8,8,0
3751,15,14,1
3823,10,9,1
3811,14,11,3
3827,13,10,3
3830,15,12,3
3889,8,8,0
4082,10,9,1
4081,11,10,1
4088,9,8,1
3831,14,13,1
3819,13,11,2
4087,10,9,1
3809,14,11,3
3478,18,17,1
4086,14,12,2
4222,13,10,3
4022,14,13,1
3817,15,15,0
4103,12,11,1
4089,14,11,3
4091,11,10,1
4201,13,13,0
4333,14,13,1
4094,12,11,1
4290,13,11,2
5064,11,9,2
4929,12,10,2
5042,13,10,3
5174,11,9,2
4653,13,12,1
5196,12,11,1
5245,12,11,1
4837,14,13,1
4993,15,10,5
5291,11,11,0
5269,12,12,0
4809,18,13,5
4847,15,14,1
4230,20,16,4
4777,14,14,0
5097,14,13,1
5442,12,12,0
5270,11,10,1
4801,14,13,1
4841,18,17,1
5354,11,12,-1
5318,14,10,4
4916,13,13,0
5025,11,12,-1
5507,14,13,1
5464,15,14,1
5674,12,9,3
5320,15,14,1
5730,14,15,-1
5666,13,11,2
5764,13,10,3
5782,13,13,0
5802,12,11,1
5759,15,15,0
5786,12,10,2
5742,16,16,0
5822,12,10,2
5783,16,17,-1
5743,18,15,3
5770,15,14,1
5736,17,17,0
5820,14,12,2
5806,14,14,0
5791,16,13,3
5800,18,12,6
5761,16,15,1
5763,17,18,-1
5823,13,12,1
5737,21,15,6
5811,12,11,1
5739,19,17,2
5834,16,16,0
5827,12,11,1
5821,15,14,1
5769,22,14,8
5864,18,14,4
5861,15,13,2
5853,15,15,0
5826,19,15,4
5884,13,12,1
5887,14,11,3
6024,13,8,5
5773,16,16,0
5871,17,15,2
6003,12,11,1
5886,13,12,1
5867,16,16,0
6019,17,12,5
6015,14,10,4
6031,15,13,2
6039,13,10,3
5992,16,12,4
6037,14,13,1
5950,14,14,0
6026,16,11,5
6010,14,11,3
6047,10,10,0
6036,15,14,1
6027,16,13,3
6040,16,13,3
6044,12,12,0
6056,10,9,1
6017,15,15,0
5865,16,14,2
6014,17,15,2
6038,17,17,0
6041,15,12,3
6059,14,11,3
6069,13,13,0
6092,11,9,2
6076,16,13,3
6046,15,15,0
6109,11,10,1
6120,12,11,1
6078,14,13,1
6057,16,15,1
6073,17,14,3
6124,12,12,0
6123,14,13,1
6280,9,8,1
6142,16,13,3
6256,14,11,3
6184,13,12,1
6296,11,8,3
6272,15,13,2
6141,13,13,0
6081,15,14,1
6208,15,11,4
6298,13,10,3
6274,18,18,0
6180,13,10,3
6121,17,16,1
6299,15,9,6
6283,14,12,2
6240,19,17,2
6281,15,12,3
6291,15,12,3
6273,16,11,5
6287,17,13,4
6307,12,12,0
6320,11,10,1
6181,15,13,2
6312,13,11,2
6314,13,13,0
6303,16,12,4
6302,15,14,1
6275,13,11,2
6364,10,9,1
6335,12,12,0
6332,16,11,5
6329,16,13,3
6351,13,13,0
6334,17,13,4
6375,14,11,3
6279,17,17,0
6384,13,10,3
6356,16,14,2
6370,12,12,0
6399,13,9,4
6313,17,13,4
6394,11,11,0
6353,14,13,1
6376,16,14,2
6544,11,9,2
6363,14,14,0
6398,15,12,3
6324,15,14,1
6545,9,9,0
6347,15,15,0
6393,17,13,4
6494,15,15,0
6310,17,15,2
6390,13,12,1
6547,10,10,0
6535,16,16,0
6377,16,15,1
6562,13,10,3
6557,11,9,2
6507,14,14,0
6559,14,11,3
6568,14,12,2
6556,11,11,0
6567,15,13,2
6585,11,9,2
6578,15,12,3
6579,8,7,1
6586,13,13,0
6369,17,17,0
6569,12,11,1
6580,17,16,1
6422,14,13,1
6623,12,9,3
6581,14,14,0
6550,17,17,0
6616,12,12,0
6589,17,14,3
6630,12,11,1
6593,14,10,4
6634,11,10,1
6640,11,13,-2
6649,13,10,3
6641,15,10,5
6588,13,12,1
6642,14,13,1
6627,16,15,1
6648,15,12,3
6633,16,11,5
6834,11,11,0
6637,16,15,1
6847,10,9,1
6691,12,12,0
6780,12,12,0
6856,10,10,0
6831,13,11,2
6833,12,11,1
6841,15,14,1
6827,13,13,0
6848,14,8,6
6864,12,9,3
6844,12,12,0
6839,16,10,6
6823,15,15,0
6862,15,11,4
6821,14,11,3
6869,10,9,1
6763,16,16,0
6817,14,11,3
6863,14,11,3
6824,18,16,2
6878,13,9,4
6859,16,16,0
6868,17,14,3
6885,12,11,1
6876,15,10,5
6911,11,8,3
6883,16,15,1
6871,14,14,0
6894,13,13,0
6875,17,15,2
6901,14,12,2
6870,16,14,2
6873,13,14,-1
6900,13,12,1
7014,13,12,1
6908,14,11,3
6865,17,14,3
7089,12,10,2
7096,14,11,3
7090,15,10,5
6974,15,14,1
7098,12,10,2
7120,14,11,3
6891,16,16,0
7112,12,10,2
7093,12,11,1
6905,17,15,2
7124,13,13,0
7092,14,13,1
7097,15,13,2
7121,15,12,3
6849,17,15,2
7131,10,10,0
7100,16,13,3
7126,18,18,0
7140,10,9,1
7102,15,13,2
7101,14,14,0
6949,16,14,2
7132,13,11,2
7129,14,12,2
7150,11,11,0
7152,9,9,0
7134,14,14,0
7153,13,10,3
7094,15,15,0
7156,12,11,1
7138,14,15,-1
7143,15,14,1
7127,15,12,3
7163,11,8,3
7128,16,15,1
7162,12,10,2
7160,13,10,3
7159,13,12,1
7145,19,19,0
7164,15,12,3
7154,17,14,3
7166,16,13,3
7300,13,13,0
7165,16,15,1
7149,18,16,2
7416,13,11,2
7402,14,13,1
7371,16,16,0
7158,18,16,2
7557,13,12,1
7656,13,13,0
7364,12,12,0
7407,13,13,0
7669,12,8,4
7660,12,12,0
7381,13,13,0
7299,16,15,1
7838,14,13,1
7365,14,11,3
7366,17,15,2
7848,15,12,3
7649,16,15,1
7876,13,13,0
7826,15,15,0
7403,15,13,2
7362,17,16,1
7906,15,15,0
7393,14,12,2
7849,18,17,1
7825,18,16,2
7891,15,15,0
7904,14,12,2
7540,14,13,1
7912,17,16,1
7926,14,12,2
7934,9,9,0
7922,13,12,1
7555,14,14,0
7905,14,11,3
7914,15,14,1
7918,9,8,1
7930,9,9,0
7921,13,12,1
7910,17,17,0
8176,9,8,1
7927,17,15,2
7923,14,13,1
8139,16,12,4
7931,15,15,0
8179,11,8,3
7915,17,14,3
8052,15,13,2
8177,10,8,2
8121,12,12,0
8184,12,12,0
8357,10,8,2
8182,13,13,0
8423,13,10,3
8183,14,12,2
8201,17,12,5
8324,13,10,3
8190,12,11,1
8323,9,9,0
8186,13,11,2
8185,14,12,2
8577,13,12,1
8187,14,14,0
8385,13,12,1
8803,10,9,1
8342,13,13,0
7911,18,17,1
8602,13,12,1
8858,11,11,0
8897,16,13,3
9210,10,9,1
8758,11,10,1
9381,12,10,2
9090,13,11,2
9138,12,11,1
9348,12,12,0
9154,12,11,1
9016,12,12,0
9225,19,16,3
8873,12,13,-1
9306,16,13,3
8980,14,13,1
9392,14,11,3
9455,12,12,0
9423,13,13,0
9419,15,14,1
9585,12,12,0
9442,14,12,2
9042,12,12,0
9394,15,15,0
9497,10,10,0
9421,16,12,4
9636,11,12,-1
9601,13,11,2
9491,12,11,1
9657,12,11,1
9374,16,15,1
9968,11,11,0
9918,14,14,0
10137,14,13,1
9922,14,11,3
9967,14,12,2
10193,12,12,0
10332,10,10,0
9611,13,13,0
9872,16,14,2
9686,16,15,1
9687,14,13,1
9666,15,13,2
10333,9,9,0
10368,11,9,2
10264,14,10,4
9939,16,14,2
10326,18,12,6
10378,13,9,4
10109,15,13,2
10131,12,11,1
10415,9,10,-1
10370,15,10,5
10371,14,11,3
10383,13,12,1
10369,19,15,4
10375,11,10,1
10393,12,9,3
9833,17,16,1
10431,11,11,0
10414,12,12,0
10396,13,11,2
10388,16,14,2
10372,15,15,0
10382,13,12,1
10411,9,9,0
10429,15,10,5
10432,11,8,3
10428,13,12,1
10409,13,13,0
10421,14,12,2
10394,16,15,1
10399,17,14,3
10435,13,9,4
10391,17,14,3
10436,13,13,0
10453,10,11,-1
10493,9,9,0
10474,9,9,0
10390,17,12,5
10477,12,10,2
10440,12,9,3
10460,9,9,0
10434,14,11,3
10478,9,9,0
10494,11,11,0
10455,11,10,1
10479,10,9,1
10456,13,10,3
10446,13,11,2
10461,10,9,1
10447,12,11,1
10475,11,10,1
10438,12,12,0
10398,17,13,4
10517,12,10,2
10441,14,12,2
10437,17,15,2
10641,14,13,1
10665,12,11,1
10454,18,13,5
10664,13,12,1
10667,11,10,1
10683,12,10,2
10618,14,13,1
10562,16,15,1
10583,16,16,0
10626,16,13,3
10649,12,9,3
10693,14,14,0
10663,15,13,2
10684,17,15,2
10701,12,10,2
10681,12,9,3
10688,13,12,1
10644,17,17,0
10691,13,12,1
10687,15,14,1
10648,15,13,2
10710,15,14,1
10686,18,14,4
10713,14,12,2
10696,17,16,1
10566,22,14,8
10712,17,17,0
10647,19,17,2
10751,14,11,3
10655,18,14,4
10733,12,12,0
10646,18,15,3
10827,13,13,0
10881,12,12,0
10731,17,15,2
10711,16,15,1
10920,12,8,4
10735,13,13,0
10749,11,10,1
10719,17,16,1
10923,9,9,0
10884,16,14,2
10908,14,12,2
10746,15,15,0
10887,14,14,0
10714,15,14,1
10949,11,8,3
10925,13,12,1
10910,16,13,3
10929,12,10,2
10958,8,7,1
10964,12,10,2
10750,17,17,0
10921,16,13,3
10968,14,11,3
10973,10,9,1
10940,16,12,4
10976,11,8,3
10974,12,12,0
10984,12,12,0
10979,14,13,1
10987,10,10,0
10970,10,9,1
10983,13,13,0
11006,9,9,0
10967,13,12,1
10969,12,11,1
11004,11,11,0
10989,13,14,-1
11005,12,12,0
10722,16,14,2
10985,17,13,4
11200,14,9,5
11069,14,12,2
11094,16,15,1
11208,16,13,3
11209,12,13,-1
11157,16,14,2
11112,15,14,1
11181,14,15,-1
11211,12,12,0
11214,14,11,3
11137,16,12,4
11156,16,16,0
11221,11,11,0
11114,16,15,1
11199,12,12,0
11220,12,10,2
11228,12,12,0
11225,16,13,3
11197,14,14,0
11210,16,13,3
11189,13,12,1
11223,13,12,1
11213,16,13,3
11229,15,12,3
11246,13,9,4
11242,14,11,3
11202,14,14,0
11262,12,12,0
11222,17,16,1
11241,15,15,0
11336,13,11,2
11463,14,14,0
11496,12,12,0
11487,12,12,0
11508,11,12,-1
11485,13,9,4
11477,12,11,1
11503,11,10,1
11484,10,10,0
11470,12,10,2
11471,12,10,2
11460,16,15,1
11464,11,11,0
11458,13,10,3
11495,13,13,0
11469,17,14,3
11494,13,12,1
11505,13,12,1
11498,12,12,0
11459,14,13,1
11466,13,10,3
11509,14,11,3
11514,13,11,2
11457,17,17,0
11657,13,12,1
11617,15,10,5
11465,17,17,0
11499,15,13,2
11675,15,14,1
11677,13,15,-2
11744,11,10,1
11741,8,7,1
11729,14,13,1
11730,13,10,3
11732,17,16,1
11728,13,11,2
11618,18,18,0
11736,15,13,2
11733,12,12,0
11706,16,14,2
11757,11,10,1
11756,12,12,0
11765,8,8,0
11761,12,11,1
11746,15,13,2
11747,14,14,0
11764,13,11,2
11742,16,14,2
11763,13,12,1
11737,17,16,1
11769,14,12,2
11858,15,14,1
11767,15,12,3
11770,12,11,1
11751,16,15,1
11752,14,14,0
11758,14,13,1
12000,12,9,3
11910,13,13,0
11762,12,11,1
11929,13,12,1
11735,15,13,2
12004,14,11,3
11930,16,16,0
11956,12,12,0
11864,16,14,2
12002,11,9,2
12012,11,9,2
12006,13,11,2
12001,15,12,3
12016,10,9,1
11960,13,13,0
12003,13,12,1
11873,18,17,1
12018,12,9,3
12005,16,12,4
11739,18,17,1
11965,14,13,1
12021,13,11,2
12020,13,10,3
12015,11,8,3
12017,13,12,1
12019,12,11,1
12026,10,8,2
12023,14,12,2
12030,10,8,2
12007,14,12,2
12029,14,13,1
12027,12,11,1
12196,11,11,0
12008,15,11,4
12272,8,8,0
12124,14,12,2
12287,6,6,0
12274,9,9,0
12025,16,14,2
12105,13,12,1
12280,11,11,0
12282,9,9,0
12276,12,11,1
12277,11,10,1
12009,15,15,0
12275,12,9,3
12216,14,13,1
12279,12,9,3
12285,11,10,1
12281,13,13,0
12227,13,11,2
12278,14,12,2
12221,14,13,1
12286,13,11,2
12923,13,10,3
12283,14,14,0
12118,17,15,2
12898,12,11,1
12843,12,11,1
13015,14,14,0
12582,17,13,4
12836,14,12,2
13036,11,11,0
12568,14,14,0
12844,12,11,1
13019,15,15,0
13246,12,12,0
13444,13,11,2
13440,11,11,0
13271,12,12,0
13415,13,13,0
13291,11,11,0
13382,14,14,0
13037,14,13,1
14060,13,11,2
13181,13,13,0
14038,14,13,1
13459,13,11,2
13384,12,11,1
14492,10,10,0
14521,12,10,2
14491,11,11,0
14477,17,14,3
14075,13,12,1
14034,16,17,-1
14069,14,13,1
14572,12,11,1
14473,14,11,3
14490,13,13,0
14479,13,11,2
14465,16,11,5
14061,16,16,0
14204,12,11,1
14505,16,13,3
15322,12,12,0
14839,12,11,1
14494,16,15,1
15028,14,14,0
15572,13,10,3
15292,13,11,2
15284,13,12,1
15568,12,12,0
15573,12,11,1
14817,16,17,-1
14545,14,12,2
15575,13,10,3
15553,14,11,3
15073,15,15,0
15596,11,8,3
15583,14,10,4
15576,13,12,1
15594,13,12,1
15582,13,12,1
15584,13,13,0
15557,17,14,3
15595,14,11,3
14814,16,16,0
15598,10,9,1
15563,14,13,1
15589,15,12,3
15597,14,13,1
15559,15,14,1
15613,12,10,2
15614,13,10,3
15705,14,14,0
15602,13,12,1
15869,9,8,1
15599,15,11,4
15601,14,13,1
15852,11,10,1
15832,16,13,3
15829,11,10,1
15828,13,12,1
15770,17,17,0
15836,12,12,0
15865,12,11,1
15855,15,11,4
15871,10,8,2
15851,17,14,3
15839,16,11,5
15870,15,15,0
15562,15,13,2
15838,15,15,0
16072,14,11,3
15834,16,14,2
16100,16,12,4
15831,15,12,3
16013,14,13,1
16364,10,9,1
16039,15,14,1
16016,13,13,0
16108,14,11,3
16126,10,8,2
16381,12,11,1
16106,12,11,1
16025,14,11,3
16127,11,9,2
16125,14,13,1
16104,14,14,0
16118,13,12,1
16111,15,12,3
16101,16,14,2
16382,13,12,1
16531,12,12,0
15977,17,14,3
16558,11,10,1
16440,13,12,1
16567,12,11,1
16659,12,10,2
16814,11,11,0
16109,14,14,0
16690,14,12,2
16397,13,12,1
16107,14,13,1
16836,12,11,1
17103,10,10,0
16855,12,10,2
16741,12,12,0
16988,14,13,1
17168,10,10,0
17224,11,11,0
17233,10,10,0
16942,14,12,2
17516,8,8,0
17357,11,11,0
17209,13,13,0
17084,16,15,1
17545,13,12,1
17148,14,14,0
17514,10,8,2
16789,16,13,3
17252,14,12,2
16766,17,14,3
17343,13,12,1
17327,13,10,3
17373,14,12,2
17205,13,12,1
17606,9,9,0
17341,15,15,0
17497,14,12,2
17557,13,11,2
17284,12,11,1
17619,12,12,0
17581,13,13,0
17776,11,8,3
17562,13,11,2
17405,13,13,0
17857,11,8,3
17577,14,12,2
17539,12,12,0
18058,9,9,0
17308,13,11,2
18056,11,11,0
18088,12,11,1
18122,11,10,1
18355,10,10,0
18134,12,11,1
18610,13,10,3
17809,12,11,1
17846,13,13,0
18604,11,11,0
18622,14,12,2
18654,12,10,2
18421,13,9,4
18139,14,14,0
18623,13,13,0
18794,13,11,2
18858,12,11,1
18220,14,14,0
18001,14,13,1
18640,14,13,1
18878,16,16,0
19125,11,10,1
19122,13,13,0
18563,13,12,1
18862,16,16,0
18913,13,13,0
18933,15,15,0
19141,11,11,0
18121,15,12,3
19140,10,10,0
19323,12,10,2
18714,16,16,0
19172,11,10,1
19155,11,12,-1
18852,21,14,7
19198,13,10,3
19134,16,16,0
19450,10,9,1
19413,15,14,1
19124,13,13,0
19786,13,13,0
19703,11,9,2
19426,13,14,-1
19304,15,15,0
19949,11,10,1
19957,10,9,1
20218,11,9,2
19454,15,15,0
20474,12,11,1
20432,11,11,0
19932,12,11,1
21375,9,8,1
19589,12,12,0
20644,12,11,1
19366,16,15,1
19262,15,14,1
19930,15,12,3
20203,15,12,3
21597,11,9,2
20349,14,14,0
21012,12,12,0
22154,11,11,0
22271,10,10,0
19934,15,15,0
20754,11,10,1
21057,13,12,1
21431,12,12,0
22356,8,8,0
21576,12,11,1
22037,16,14,2
22404,13,13,0
22412,11,10,1
22124,12,11,1
22690,11,11,0
21300,14,12,2
22471,13,10,3
22492,11,11,0
22826,9,9,0
22229,15,14,1
21653,16,15,1
22428,13,12,1
22593,12,12,0
22597,11,11,0
22713,13,13,0
23039,9,9,0
22712,9,9,0
22777,14,14,0
22954,8,7,1
23064,12,9,3
22931,11,10,1
23018,12,10,2
22189,14,13,1
23168,10,9,1
22757,15,15,0
23026,14,14,0
23153,14,12,2
23191,12,12,0
23006,14,13,1
22737,13,14,-1
23252,13,11,2
22940,13,12,1
23428,13,11,2
22994,13,13,0
23339,13,13,0
23775,11,7,4
23012,15,14,1
24048,8,7,1
23204,14,12,2
23220,12,10,2
23265,13,11,2
24562,11,10,1
23481,14,12,2
23532,14,12,2
23914,11,11,0
23233,14,12,2
23431,14,12,2
24375,10,9,1
23789,13,13,0
23525,15,15,0
24731,13,11,2
24617,16,15,1
24214,14,12,2
24903,13,13,0
24877,14,10,4
25311,14,10,4
24969,14,13,1
24277,13,13,0
24866,13,11,2
24989,14,13,1
23485,15,12,3
23446,17,14,3
23745,15,14,1
25819,14,14,0
24765,14,13,1
25811,12,12,0
25132,14,11,3
25460,13,13,0
26238,13,13,0
25739,14,14,0
25667,14,14,0
25986,14,14,0
25949,15,15,0
26319,11,10,1
25348,15,14,1
26343,13,13,0
25492,17,16,1
25879,15,13,2
26300,13,11,2
26104,13,12,1
26760,13,10,3
26752,18,13,5
26425,14,14,0
26526,17,16,1
26461,12,12,0
26768,15,13,2
26647,16,14,2
26654,16,14,2
26775,15,13,2
26792,13,12,1
26753,16,15,1
26524,14,15,-1
26783,16,13,3
26766,17,13,4
26799,14,14,0
26805,15,12,3
26841,13,12,1
26852,13,12,1
26759,17,16,1
26856,11,11,0
26764,15,13,2
26763,16,15,1
26862,12,10,2
26769,20,16,4
26829,13,12,1
26858,11,10,1
26864,12,10,2
26819,13,12,1
26857,16,15,1
26814,18,14,4
26758,14,12,2
26778,17,14,3
26849,16,16,0
26788,13,11,2
26843,15,15,0
26863,14,12,2
26878,15,14,1
26879,14,10,4
27033,11,10,1
27065,14,13,1
26785,17,14,3
27049,10,9,1
27084,11,10,1
27064,16,14,2
27229,10,10,0
27069,15,15,0
27115,11,10,1
27135,13,10,3
27306,8,7,1
27112,15,14,1
27047,21,15,6
27304,16,13,3
27063,16,13,3
27116,13,12,1
27119,15,12,3
27034,16,16,0
27070,15,14,1
27134,16,14,2
27055,12,14,-2
27071,14,14,0
27031,24,17,7
27323,13,11,2
27305,13,11,2
27338,10,9,1
27030,16,13,3
27327,12,10,2
27342,10,10,0
27332,14,13,1
27335,14,14,0
27113,15,15,0
27307,17,14,3
27118,13,12,1
27329,18,18,0
27372,13,12,1
27343,13,10,3
27352,11,10,1
27375,13,9,4
27349,11,10,1
27357,11,10,1
27356,14,13,1
27348,18,15,3
27358,13,11,2
27373,13,13,0
27562,13,13,0
27355,16,15,1
27350,15,14,1
27389,15,14,1
27325,18,15,3
27599,13,12,1
27346,20,18,2
27014,21,17,4
27568,15,14,1
27627,12,11,1
27609,18,14,4
27624,14,13,1
27608,16,15,1
27631,15,10,5
27612,14,14,0
27583,17,14,3
27626,14,14,0
27611,13,13,0
27647,13,10,3
27615,16,16,0
27836,11,11,0
27576,15,16,-1
27546,16,15,1
27566,17,16,1
27913,12,12,0
27628,14,13,1
27860,14,13,1
27603,14,14,0
27614,17,15,2
27644,12,10,2
27582,15,14,1
28020,14,14,0
27645,17,17,0
27881,16,15,1
28384,14,9,5
28398,6,6,0
28129,13,13,0
28390,10,10,0
28386,13,10,3
28394,12,8,4
28117,15,14,1
28158,16,15,1
28265,14,13,1
28137,16,16,0
27850,13,12,1
28415,8,7,1
28403,13,12,1
28399,14,12,2
28105,15,14,1
28410,12,9,3
28414,10,9,1
28382,13,13,0
28385,17,17,0
28402,12,11,1
28038,20,18,2
27606,21,20,1
28395,13,13,0
28406,12,10,2
28411,15,14,1
28389,14,13,1
28469,15,13,2
28561,14,12,2
28671,9,8,1
28649,16,16,0
28906,10,10,0
28657,13,13,0
28662,13,12,1
28664,13,13,0
28647,14,14,0
28123,20,16,4
28667,13,13,0
28663,16,14,2
29152,11,11,0
29151,13,13,0
28666,13,12,1
29016,15,13,2
29337,15,14,1
29281,16,16,0
28882,13,12,1
30157,10,10,0
28983,12,11,1
29240,14,13,1
29515,12,12,0
29078,17,17,0
30171,13,13,0
29502,16,16,0
30970,10,8,2
28822,17,16,1
29762,14,14,0
30952,12,12,0
30891,12,12,0
29795,15,15,0
31364,13,11,2
30675,14,14,0
30861,14,12,2
31368,12,9,3
30974,13,17,-4
28054,18,17,1
29890,14,14,0
30854,16,15,1
30921,16,16,0
32354,13,13,0
31135,16,15,1
32254,14,13,1
32494,10,8,2
32216,13,13,0
31403,12,12,0
31720,14,12,2
32235,14,11,3
31121,16,15,1
31142,21,21,0
32467,14,14,0
32767,6,6,0
32511,11,11,0
32510,12,9,3
32492,14,11,3
32480,15,13,2
32770,10,9,1
31465,18,18,0
32406,15,15,0
31941,13,12,1
32769,11,11,0
32361,17,14,3
32779,9,8,1
32507,15,13,2
32488,17,14,3
32766,12,12,0
32777,16,12,4
32808,13,12,1
32829,16,11,5
32811,13,10,3
32828,11,10,1
32782,12,11,1
32788,17,12,5
32898,10,8,2
32895,9,8,1
32867,13,12,1
32792,17,12,5
32897,14,11,3
32878,14,10,4
32939,8,8,0
32902,12,11,1
32918,13,12,1
32922,11,10,1
32873,13,13,0
32809,15,14,1
32879,12,10,2
32874,13,9,4
32491,18,15,3
32926,12,12,0
32489,19,17,2
32872,18,13,5
32905,12,10,2
32958,9,9,0
32941,13,8,5
32790,20,16,4
32956,12,8,4
32919,13,12,1
33022,10,10,0
33000,11,10,1
33043,15,10,5
33057,12,11,1
33070,12,11,1
33071,14,10,4
33001,15,14,1
33152,13,10,3
33067,16,10,6
33049,15,12,3
33087,17,13,4
33150,14,12,2
33079,13,13,0
33047,15,15,0
33114,16,13,3
33053,14,13,1
33159,13,10,3
33086,17,16,1
33135,12,11,1
33060,13,10,3
33151,17,14,3
33154,13,13,0
33169,11,8,3
33096,19,19,0
33046,20,18,2
33160,10,9,1
33148,16,15,1
33163,10,8,2
33161,13,10,3
33162,13,10,3
33054,17,14,3
33052,15,12,3
33069,15,13,2
33131,16,15,1
33189,12,10,2
33179,16,11,5
33166,16,14,2
33197,15,12,3
33193,13,10,3
33194,13,13,0
33130,17,15,2
33229,10,8,2
33175,15,14,1
33176,15,12,3
33183,16,14,2
33199,11,11,0
33279,13,9,4
33198,13,13,0
33247,13,13,0
33263,12,12,0
33196,14,12,2
33259,17,13,4
33322,13,9,4
33182,16,16,0
33256,15,15,0
33213,14,14,0
33178,17,15,2
33257,16,13,3
33212,16,16,0
33308,16,10,6
33345,12,10,2
33276,14,13,1
33344,15,13,2
33278,17,15,2
33359,9,9,0
33343,12,11,1
33320,15,9,6
33347,11,9,2
33327,13,11,2
33365,9,9,0
33350,13,12,1
33346,13,13,0
33325,12,11,1
33358,12,9,3
33323,13,11,2
33373,10,10,0
33324,14,11,3
33353,16,16,0
33364,15,12,3
33367,9,9,0
33355,13,10,3
33375,9,9,0
33370,12,9,3
33352,15,15,0
33411,12,9,3
33419,13,10,3
33422,12,9,3
33405,11,11,0
33374,13,13,0
33372,17,16,1
33425,13,13,0
33386,16,14,2
33435,12,10,2
33431,12,11,1
33421,13,12,1
33420,14,13,1
33409,14,18,-4
33385,14,12,2
33448,13,10,3
33463,12,10,2
33430,13,10,3
33451,12,12,0
33387,17,13,4
33388,11,10,1
33434,12,12,0
33475,8,8,0
33428,16,13,3
33433,13,10,3
33389,17,15,2
33436,14,11,3
33406,16,13,3
33471,10,10,0
33470,10,9,1
33477,11,11,0
33473,13,11,2
33449,16,15,1
33476,13,10,3
33478,11,9,2
33483,13,9,4
33486,9,9,0
33485,11,11,0
33503,9,9,0
33493,11,10,1
33461,15,11,4
33499,15,10,5
33480,13,12,1
33481,15,12,3
33495,12,8,4
33494,12,11,1
33501,9,8,1
33519,11,10,1
33514,12,12,0
33518,9,10,-1
33502,13,13,0
33515,12,9,3
33568,9,9,0
33534,10,10,0
33532,12,11,1
33516,13,12,1
33513,17,14,3
33605,11,11,0
33540,13,13,0
33542,13,11,2
33599,12,9,3
33597,15,16,-1
33512,13,14,-1
33598,16,16,0
33550,11,11,0
33623,15,12,3
33669,12,12,0
33625,15,14,1
33592,10,9,1
33594,12,11,1
33608,13,12,1
33639,12,11,1
33678,13,13,0
33676,11,10,1
33663,12,11,1
33662,15,15,0
33691,12,10,2
33624,13,13,0
33728,12,9,3
33685,17,14,3
33706,10,10,0
33674,11,9,2
33729,11,11,0
33688,14,11,3
33690,15,15,0
33732,14,10,4
33727,11,9,2
33733,14,12,2
33738,15,12,3
33735,11,10,1
33596,14,12,2
33740,9,8,1
33736,14,11,3
33741,11,12,-1
33721,13,13,0
33734,12,11,1
33739,11,9,2
33749,15,12,3
33742,12,13,-1
33751,13,10,3
33771,14,11,3
33756,11,10,1
33755,17,14,3
33772,14,10,4
33725,13,13,0
33789,15,13,2
33820,14,14,0
33914,13,11,2
33766,12,11,1
33883,13,11,2
33770,16,11,5
33774,13,11,2
33884,11,11,0
33758,16,14,2
33895,13,12,1
33757,15,14,1
33994,12,12,0
34170,11,10,1
33917,14,12,2
34184,7,7,0
34255,9,8,1
33859,12,11,1
34250,11,11,0
34301,11,8,3
34159,14,14,0
34275,11,11,0
33985,14,14,0
33919,13,13,0
33976,16,12,4
34270,14,12,2
34327,15,14,1
34392,21,14,7
34206,15,14,1
34402,15,13,2
34418,15,14,1
34400,15,13,2
34422,14,12,2
34407,15,13,2
34168,13,13,0
34423,12,12,0
34447,11,11,0
34439,12,11,1
34406,12,10,2
34344,13,13,0
34446,11,9,2
34425,15,13,2
34328,16,15,1
34397,17,18,-1
34401,17,16,1
34448,14,11,3
34329,22,14,8
34455,17,14,3
34415,18,14,4
34440,14,11,3
34470,12,10,2
34429,16,14,2
34471,13,10,3
34478,11,10,1
34457,12,11,1
34469,13,10,3
34462,15,14,1
34487,12,11,1
34483,14,14,0
34485,14,12,2
34409,18,15,3
34468,14,14,0
34477,15,13,2
34495,12,12,0
34456,17,18,-1
34528,13,11,2
34408,17,13,4
34513,17,16,1
34494,17,13,4
34441,15,12,3
34534,13,11,2
34480,17,15,2
34421,18,17,1
34491,14,14,0
34550,12,12,0
34542,12,11,1
34531,17,16,1
34530,14,12,2
34493,15,15,0
34551,11,10,1
34559,14,10,4
34558,13,12,1
34689,14,11,3
34536,17,13,4
34690,11,9,2
34670,15,14,1
34539,18,16,2
34696,9,8,1
34715,12,12,0
34702,15,15,0
34687,12,10,2
34697,16,12,4
34649,15,13,2
34680,12,9,3
34678,17,18,-1
34705,17,14,3
34724,11,11,0
34731,10,10,0
34699,11,10,1
34707,12,11,1
34740,11,9,2
34708,15,11,4
34730,11,10,1
34737,13,13,0
34520,16,15,1
34743,11,9,2
34726,14,13,1
34741,12,11,1
34683,14,12,2
34757,11,12,-1
34712,18,17,1
34746,14,13,1
34716,16,16,0
34784,10,10,0
34897,12,9,3
34748,14,14,0
34802,12,9,3
34806,14,12,2
34747,14,11,3
34787,11,11,0
34744,15,13,2
34805,9,8,1
34886,11,10,1
34763,13,12,1
34774,15,13,2
34794,14,13,1
34810,11,10,1
34912,11,12,-1
34749,16,15,1
34905,9,8,1
34808,11,10,1
34917,11,11,0
34934,13,12,1
34785,11,9,2
34686,18,17,1
34811,14,13,1
34922,13,12,1
34902,12,12,0
34898,14,10,4
34945,11,10,1
34809,16,16,0
34972,10,10,0
34946,10,9,1
34953,11,10,1
34968,10,9,1
34960,13,10,3
34993,11,9,2
34965,8,8,0
35006,11,10,1
34994,14,11,3
35001,10,10,0
34913,15,14,1
34981,10,10,0
34980,14,13,1
35017,11,11,0
34977,15,12,3
34951,10,9,1
34982,14,13,1
35053,11,9,2
34967,16,15,1
35057,11,9,2
34999,10,9,1
35070,9,9,0
34950,15,12,3
35046,12,10,2
35063,10,9,1
35043,13,13,0
35141,8,8,0
34996,14,12,2
35062,12,12,0
35047,15,14,1
35136,11,10,1
35216,13,11,2
35109,14,11,3
35159,14,14,0
35191,14,12,2
35219,12,10,2
35235,13,10,3
35227,11,10,1
35231,14,12,2
35092,14,13,1
35224,13,10,3
35233,16,11,5
35232,15,12,3
35241,12,11,1
35242,10,9,1
35240,15,15,0
35237,11,8,3
35226,13,12,1
35257,9,8,1
35170,16,16,0
35169,18,15,3
35250,15,15,0
35251,13,12,1
35246,13,13,0
35230,18,15,3
35277,10,8,2
35263,13,12,1
35234,14,12,2
35258,11,10,1
35094,22,18,4
35220,18,13,5
35281,12,9,3
35299,12,11,1
35297,14,14,0
35311,10,9,1
35260,16,17,-1
35310,13,11,2
35307,14,14,0
35327,11,9,2
35305,12,12,0
35321,13,10,3
35298,15,13,2
35412,12,12,0
35236,19,17,2
35337,11,11,0
35313,15,11,4
35322,13,11,2
35320,15,13,2
35390,13,11,2
35491,11,11,0
35317,12,11,1
35319,17,15,2
35306,16,15,1
35252,18,18,0
35302,16,15,1
35426,12,11,1
35206,16,13,3
35494,16,13,3
35499,12,8,4
35511,13,12,1
35385,14,13,1
35504,12,9,3
35505,14,11,3
35523,12,8,4
35527,14,10,4
35512,12,12,0
35507,13,10,3
35531,9,8,1
35526,14,11,3
35528,9,8,1
35432,16,16,0
35489,18,16,2
35536,9,9,0
35518,10,10,0
35517,13,14,-1
35539,14,12,2
35529,13,13,0
35500,10,11,-1
35513,12,11,1
35509,12,11,1
35547,12,12,0
35540,16,13,3
35544,11,11,0
35501,12,12,0
35545,13,12,1
35543,15,12,3
35542,15,14,1
35552,14,8,6
35583,5,5,0
35556,13,11,2
35555,16,11,5
35564,11,12,-1
35571,11,9,2
35582,10,9,1
35575,12,12,0
35579,9,8,1
35573,11,8,3
35576,9,8,1
35760,12,8,4
35597,13,10,3
35557,14,10,4
35761,14,11,3
35746,11,11,0
35718,15,14,1
35690,15,15,0
35577,14,14,0
35686,14,13,1
35666,16,14,2
35762,16,12,4
35672,15,14,1
35763,11,12,-1
35560,13,10,3
35768,11,9,2
35770,12,12,0
35792,13,11,2
35769,13,11,2
35628,14,11,3
35764,15,13,2
35790,11,9,2
35803,12,10,2
35800,15,11,4
35765,16,13,3
35793,16,14,2
35808,16,13,3
35801,14,14,0
35809,13,14,-1
35773,14,15,-1
35814,14,14,0
35772,13,14,-1
35811,17,14,3
35766,15,14,1
35829,13,11,2
35813,16,13,3
35835,10,7,3
35825,13,11,2
35810,13,13,0
35820,13,13,0
35832,12,9,3
35828,13,10,3
35818,14,11,3
35798,20,17,3
35806,13,13,0
35836,10,10,0
35834,12,9,3
36001,13,13,0
35816,17,12,5
35815,14,13,1
35831,14,12,2
36081,13,11,2
36058,14,13,1
36090,11,10,1
35837,14,11,3
36177,12,12,0
35830,16,14,2
36258,11,11,0
35928,11,11,0
36169,14,14,0
36257,12,10,2
36341,9,9,0
36279,11,11,0
36322,12,12,0
36034,12,12,0
36433,11,11,0
36082,12,12,0
36334,11,11,0
36247,16,13,3
36470,16,13,3
36576,13,10,3
36458,16,13,3
36254,17,17,0
36489,14,11,3
36311,15,13,2
36521,16,13,3
36481,16,12,4
36578,15,11,4
36519,14,13,1
36586,11,11,0
36449,16,15,1
36590,8,8,0
36539,14,11,3
36441,16,15,1
36577,17,15,2
36607,10,8,2
36600,14,13,1
36593,12,12,0
36594,16,13,3
36602,12,8,4
36583,14,14,0
36848,7,7,0
36599,14,13,1
36752,13,12,1
36832,11,10,1
36644,14,15,-1
36581,14,13,1
36786,13,13,0
36853,10,9,1
36668,13,13,0
36850,11,11,0
36806,14,13,1
36793,14,11,3
36863,5,5,0
36856,8,8,0
36849,12,12,0
36855,10,9,1
36585,18,14,4
36858,10,10,0
36798,13,13,0
36859,11,9,2
36754,16,16,0
36854,13,13,0
36857,14,11,3
36589,15,14,1
37264,10,9,1
36862,14,12,2
36920,11,11,0
37244,13,14,-1
37103,13,12,1
36961,16,13,3
37095,14,13,1
37231,14,12,2
37303,13,13,0
37166,14,14,0
37037,15,13,2
37445,15,15,0
37563,12,10,2
37553,15,14,1
37287,13,13,0
37352,14,13,1
37150,18,17,1
37486,14,13,1
37512,13,11,2
37557,15,13,2
37182,16,16,0
37148,14,11,3
37542,15,13,2
37451,16,14,2
37421,17,16,1
37525,14,10,4
37769,12,10,2
37422,16,14,2
37605,15,14,1
37569,18,13,5
37837,13,11,2
37744,13,11,2
37816,11,11,0
37856,13,12,1
38077,13,12,1
37881,13,12,1
37814,16,17,-1
38104,14,14,0
37857,13,12,1
37756,14,14,0
38399,8,8,0
38282,9,9,0
37818,13,16,-3
38328,11,12,-1
37957,17,13,4
37994,16,12,4
38286,12,12,0
38106,12,11,1
38528,14,11,3
38251,22,14,8
38228,16,13,3
37996,17,14,3
38396,15,11,4
38530,12,9,3
38559,12,11,1
38534,14,12,2
38542,14,13,1
38543,15,12,3
38553,12,11,1
38566,10,9,1
38505,15,12,3
38523,15,13,2
38590,12,10,2
38588,15,13,2
38551,15,13,2
38604,11,9,2
38504,21,16,5
38591,15,12,3
38506,16,13,3
38655,13,11,2
38569,16,14,2
38631,15,15,0
38639,14,14,0
38521,22,22,0
38626,15,12,3
38786,11,10,1
38762,15,14,1
38575,13,12,1
38654,15,12,3
38642,14,11,3
38597,16,15,1
38593,16,13,3
38787,14,11,3
38784,12,11,1
38638,12,11,1
38635,16,13,3
38636,16,13,3
38794,11,10,1
38783,17,13,4
38768,15,15,0
38749,17,16,1
38791,13,13,0
37997,19,19,0
38790,16,13,3
38799,15,13,2
38815,12,11,1
38806,15,12,3
38816,14,13,1
38811,13,12,1
38827,13,11,2
38814,16,16,0
38782,20,16,4
38860,11,11,0
38847,15,11,4
38833,14,14,0
38809,12,11,1
38845,13,13,0
38911,13,11,2
39040,12,11,1
38846,15,12,3
38836,13,13,0
38858,15,15,0
38850,14,12,2
38781,14,14,0
38778,18,15,3
38895,16,16,0
38888,15,14,1
38891,17,15,2
38830,16,14,2
38890,14,14,0
38894,13,11,2
39049,13,12,1
39050,15,12,3
39066,12,10,2
39043,14,11,3
39041,15,12,3
39071,13,10,3
38825,15,15,0
38873,14,14,0
39055,15,12,3
39082,9,8,1
38910,17,16,1
39072,12,8,4
39059,12,12,0
39090,12,12,0
39099,9,8,1
39058,15,13,2
39047,18,17,1
39089,16,13,3
39063,16,15,1
39083,12,11,1
39077,13,12,1
39102,14,14,0
39084,15,15,0
39076,14,13,1
39101,16,14,2
39085,14,14,0
39112,11,11,0
39125,12,12,0
39162,10,10,0
39097,12,12,0
39143,16,17,-1
39136,11,11,0
39312,9,9,0
39073,19,15,4
39150,12,10,2
39086,16,18,-2
39161,14,11,3
39146,12,12,0
39206,13,10,3
39166,11,11,0
39153,16,11,5
39163,13,11,2
39137,16,16,0
39126,16,16,0
39310,14,12,2
39327,10,9,1
39111,16,17,-1
39336,11,10,1
39278,14,11,3
39328,12,9,3
39145,16,16,0
39344,12,9,3
39329,11,10,1
39314,14,11,3
39339,12,10,2
39345,10,10,0
39333,9,8,1
39318,13,12,1
39352,10,9,1
39331,14,13,1
39359,11,9,2
39341,12,11,1
39348,15,13,2
39354,13,13,0
39380,14,11,3
39351,14,12,2
39340,14,13,1
39357,13,12,1
39392,11,10,1
39356,13,12,1
39326,13,12,1
39408,11,9,2
39379,12,12,0
39364,13,11,2
39400,14,11,3
39375,12,10,2
39398,15,12,3
39358,14,13,1
39409,12,9,3
39410,13,12,1
39417,9,8,1
39403,13,12,1
39367,14,14,0
39399,18,16,2
39407,14,12,2
39416,12,9,3
39419,13,8,5
39413,10,10,0
39445,11,9,2
39414,13,12,1
39415,13,12,1
39401,12,11,1
39422,15,13,2
39610,8,8,0
39582,14,11,3
39485,16,16,0
39594,9,8,1
39600,13,10,3
39467,15,13,2
39584,14,11,3
39561,13,12,1
39537,18,17,1
39608,12,9,3
39620,13,12,1
39624,9,9,0
39615,13,9,4
39598,16,15,1
39601,13,12,1
39637,10,10,0
39616,14,11,3
39634,11,10,1
39642,10,9,1
39631,9,8,1
39639,14,12,2
39586,16,13,3
39623,17,15,2
39645,12,12,0
39646,11,10,1
39626,11,10,1
39613,18,16,2
39641,14,12,2
39644,14,11,3
39643,15,12,3
39619,15,13,2
39668,12,12,0
39679,9,8,1
39664,9,8,1
39672,12,12,0
39663,13,11,2
39669,12,11,1
39617,19,17,2
39662,13,12,1
39856,14,9,5
39678,15,13,2
39859,12,11,1
39676,13,12,1
39587,16,14,2
39867,8,8,0
39665,16,14,2
39864,13,10,3
39891,11,10,1
39888,14,9,5
39865,12,12,0
39857,15,12,3
39871,14,9,5
39880,11,10,1
39830,14,13,1
39866,14,14,0
39655,18,16,2
39785,18,17,1
39877,16,13,3
39860,17,17,0
39898,13,13,0
39897,12,9,3
39904,13,12,1
39861,14,12,2
39896,15,13,2
39870,13,13,0
39889,15,12,3
39916,11,10,1
39920,13,12,1
39905,18,17,1
39906,14,14,0
39928,12,10,2
39923,12,12,0
39918,14,10,4
39924,14,14,0
39929,12,11,1
39912,14,14,0
39931,10,8,2
39909,20,16,4
39927,15,12,3
39932,14,13,1
39894,22,18,4
39917,15,15,0
39910,15,14,1
39930,14,11,3
39919,16,12,4
39913,16,16,0
40149,14,14,0
40153,12,12,0
39907,14,12,2
40160,13,13,0
40118,15,11,4
39934,15,13,2
40141,15,15,0
40162,15,14,1
40165,15,14,1
40288,13,11,2
40134,13,10,3
40143,14,15,-1
40172,13,12,1
40168,14,12,2
40185,14,12,2
40602,13,12,1
40634,14,12,2
40372,16,13,3
40390,14,13,1
40614,14,12,2
40410,14,13,1
40170,16,16,0
40683,14,14,0
40672,15,14,1
40291,14,12,2
40686,12,11,1
40703,13,12,1
40702,15,10,5
40690,14,13,1
40691,12,12,0
40901,15,13,2
40682,15,14,1
40694,14,12,2
40680,18,15,3
40674,15,14,1
40944,10,10,0
40687,17,14,3
40681,15,14,1
40701,16,15,1
40695,17,17,0
40569,20,18,2
40938,13,13,0
40945,12,10,2
40946,13,12,1
40959,9,8,1
40169,17,16,1
40697,17,13,4
40951,13,13,0
40952,12,11,1
40678,18,15,3
41034,10,9,1
41197,10,8,2
40947,13,13,0
40953,13,11,2
40958,13,13,0
41105,8,8,0
41099,10,9,1
41349,11,12,-1
41356,11,11,0
40956,14,13,1
41469,10,9,1
41570,10,8,2
41496,12,12,0
41115,12,11,1
41400,14,13,1
41919,10,9,1
41346,14,14,0
41448,15,15,0
42100,11,11,0
41623,13,12,1
42220,8,8,0
42097,13,13,0
40553,18,15,3
41926,14,14,0
41508,14,13,1
41625,13,13,0
42054,14,11,3
42162,15,12,3
42216,13,11,2
42404,10,9,1
42141,14,14,0
42227,13,11,2
42369,12,11,1
42465,9,8,1
42088,14,13,1
42420,10,9,1
42061,18,13,5
42193,14,14,0
42006,18,17,1
42326,13,12,1
42329,12,11,1
42130,17,14,3
42391,13,12,1
42595,12,11,1
42604,12,11,1
42610,12,12,0
42434,14,13,1
42623,13,13,0
42684,14,14,0
42649,11,10,1
42646,11,10,1
42718,13,14,-1
42655,13,13,0
42057,22,16,6
43074,12,12,0
42719,14,14,0
42584,14,13,1
42896,15,15,0
42958,14,12,2
43151,9,8,1
43145,15,11,4
43147,12,12,0
43138,13,10,3
43140,13,12,1
42894,15,15,0
42721,15,14,1
43143,14,13,1
43156,15,12,3
43150,13,11,2
43137,14,13,1
43153,14,10,4
43160,12,12,0
43164,11,11,0
43165,11,10,1
43161,11,10,1
43159,12,12,0
43167,12,12,0
43182,10,10,0
43157,11,12,-1
43139,14,10,4
42938,12,12,0
43181,11,10,1
43179,8,7,1
42910,18,18,0
43177,11,10,1
43196,9,8,1
43185,11,10,1
43163,13,12,1
43154,16,14,2
43197,12,10,2
43199,9,7,2
43204,13,9,4
43198,13,10,3
43205,15,12,3
43220,13,10,3
43214,11,11,0
43190,16,14,2
43228,8,7,1
43210,10,9,1
43263,6,6,0
43211,14,12,2
43246,10,8,2
43225,12,11,1
43213,13,11,2
43242,10,9,1
43223,13,10,3
43247,10,8,2
43245,13,9,4
43231,10,9,1
43158,18,14,4
43262,10,9,1
43243,10,10,0
43241,13,11,2
43227,13,13,0
43222,15,13,2
43226,12,14,-2
43432,10,11,-1
43435,9,9,0
43413,11,10,1
43437,12,10,2
43461,11,11,0
43391,14,12,2
43420,13,12,1
43460,16,13,3
43434,10,9,1
43421,14,12,2
43416,13,12,1
43477,11,10,1
43456,16,17,-1
43423,14,12,2
43468,10,9,1
43481,12,11,1
43497,14,13,1
43480,14,14,0
43436,13,12,1
43454,17,14,3
43499,16,13,3
43465,12,11,1
43346,13,12,1
43691,9,7,2
43519,10,9,1
43498,16,14,2
43496,17,14,3
43708,12,12,0
43502,14,13,1
43414,17,15,2
43624,14,12,2
43466,18,16,2
43711,6,6,0
43678,15,14,1
43487,15,14,1
43692,9,8,1
43516,10,9,1
43710,11,9,2
43693,10,10,0
43518,14,12,2
43714,12,12,0
43713,14,12,2
43715,11,8,3
43689,11,10,1
43709,14,14,0
43725,11,8,3
43719,13,10,3
43723,12,11,1
43483,18,16,2
43736,10,10,0
43740,10,9,1
43718,11,10,1
43759,7,7,0
43506,16,16,0
43735,12,12,0
43772,9,8,1
43743,9,8,1
43774,8,8,0
43752,11,9,2
43738,9,9,0
43755,11,10,1
43737,13,11,2
43739,14,13,1
43773,10,9,1
43734,12,12,0
43721,12,11,1
43971,12,9,3
43888,11,12,-1
43967,11,9,2
43972,13,11,2
43975,14,12,2
43969,15,11,4
43980,10,9,1
43976,13,12,1
43989,12,10,2
43988,14,12,2
43977,15,12,3
43993,15,11,4
43991,12,10,2
43970,17,12,5
43956,15,13,2
43979,12,9,3
43978,14,11,3
43992,14,11,3
43996,14,10,4
43966,15,12,3
43999,12,10,2
43964,13,13,0
43974,16,14,2
44011,12,9,3
44010,14,9,5
44015,7,7,0
43994,16,14,2
44008,14,11,3
43997,13,9,4
44009,16,15,1
43995,16,13,3
44014,12,9,3
43990,16,16,0
43926,17,16,1
44012,12,11,1
44029,12,10,2
44028,10,10,0
44213,13,13,0
44252,10,9,1
44224,11,9,2
44228,14,12,2
44013,16,14,2
44244,15,11,4
44222,15,14,1
44268,5,5,0
44232,10,11,-1
44238,9,9,0
44270,7,6,1
44255,12,11,1
44234,10,9,1
44276,11,11,0
44245,17,12,5
44273,14,11,3
44266,9,9,0
44269,14,11,3
44277,11,8,3
44263,14,14,0
44229,13,13,0
44259,13,12,1
44279,12,10,2
44285,10,8,2
44254,13,13,0
44247,14,13,1
44258,13,13,0
44226,14,13,1
44274,13,13,0
44257,16,16,0
44235,18,14,4
44286,12,9,3
44421,11,10,1
44280,12,9,3
44282,11,11,0
44452,12,10,2
44281,14,13,1
44509,8,8,0
44497,16,12,4
44496,14,12,2
44501,14,9,5
44512,12,11,1
44362,15,14,1
44528,11,9,2
44435,17,15,2
44529,13,10,3
44527,14,9,5
44530,12,11,1
44504,13,11,2
44521,12,11,1
44508,12,12,0
44505,14,14,0
44513,13,12,1
44526,12,10,2
44503,12,12,0
44514,14,13,1
44233,18,14,4
44541,10,7,3
44506,13,11,2
44543,9,8,1
44518,16,14,2
44688,15,12,3
44537,15,15,0
44768,8,8,0
44538,15,11,4
44522,13,13,0
44534,14,14,0
44770,10,10,0
44510,14,12,2
44539,15,13,2
44507,17,15,2
44772,11,9,2
44782,5,5,0
44755,14,14,0
44713,16,15,1
44780,8,8,0
44742,13,13,0
44774,12,12,0
44778,10,8,2
44776,11,11,0
44542,15,12,3
44783,11,8,3
44784,9,8,1
44601,16,14,2
44799,7,7,0
44787,9,9,0
44771,12,12,0
44796,9,8,1
44794,11,8,3
44798,8,8,0
44785,13,10,3
44791,11,9,2
44915,8,8,0
44769,15,14,1
44651,17,16,1
44797,11,10,1
44790,14,12,2
45020,9,9,0
44779,15,12,3
45047,12,9,3
45041,13,11,2
45043,10,8,2
45032,14,11,3
45044,12,10,2
45053,13,10,3
45042,10,9,1
45048,11,9,2
45051,11,9,2
45054,12,10,2
45052,11,9,2
44777,17,16,1
45594,11,11,0
45267,13,12,1
45759,12,8,4
45778,12,12,0
45807,12,12,0
45414,14,13,1
45603,12,11,1
45049,15,14,1
45291,13,12,1
45547,15,13,2
45462,18,16,2
45161,17,16,1
45673,17,17,0
46051,10,10,0
45447,14,14,0
45281,15,17,-2
45786,14,13,1
46027,13,11,2
46192,12,11,1
45342,15,13,2
46102,13,10,3
46106,13,13,0
46042,14,13,1
45931,16,14,2
46325,12,11,1
46296,15,12,3
46251,15,14,1
46404,12,11,1
46978,13,11,2
46986,13,12,1
46455,12,12,0
46278,16,16,0
47146,11,11,0
45366,13,12,1
46723,14,14,0
47048,11,10,1
47045,13,11,2
47244,11,9,2
46790,13,11,2
47070,14,12,2
46741,14,12,2
46627,17,14,3
46966,13,13,0
47237,14,14,0
46307,15,14,1
47233,14,12,2
47265,14,13,1
47250,14,14,0
46690,16,15,1
46273,14,13,1
46797,14,14,0
46419,12,12,0
47577,11,8,3
47824,9,9,0
47251,13,13,0
47630,11,10,1
47623,11,11,0
47206,15,16,-1
47592,14,13,1
47822,11,11,0
48018,13,11,2
47567,13,12,1
48320,12,11,1
48094,14,13,1
48321,17,14,3
48336,12,12,0
48099,13,13,0
48348,12,12,0
47297,16,15,1
48380,7,7,0
48335,13,11,2
48328,12,11,1
48137,16,14,2
48349,14,12,2
47511,14,14,0
48383,9,8,1
48381,12,10,2
48364,10,8,2
48322,16,15,1
48367,14,11,3
48382,14,13,1
48326,16,14,2
48351,15,13,2
48366,12,9,3
48331,12,11,1
48363,14,13,1
48342,18,18,0
48333,17,14,3
48345,16,15,1
48330,14,15,-1
48323,14,14,0
48532,14,13,1
48605,10,8,2
48361,15,14,1
48581,14,13,1
48620,12,10,2
48597,14,13,1
48637,12,8,4
48636,11,9,2
48518,15,15,0
48639,13,9,4
48612,14,13,1
48595,14,14,0
48628,14,11,3
48622,15,12,3
48611,16,17,-1
48603,14,11,3
48617,14,14,0
48631,13,12,1
48598,19,16,3
48599,17,15,2
48840,13,11,2
48491,19,16,3
48878,10,8,2
48638,15,13,2
48894,9,8,1
48619,18,16,2
48614,16,14,2
49151,7,7,0
48606,18,17,1
48879,14,11,3
48892,9,8,1
48888,12,11,1
49283,12,9,3
48874,15,11,4
49148,13,9,4
48895,10,9,1
48885,13,11,2
48866,15,12,3
49150,12,11,1
48875,14,11,3
49472,14,11,3
49366,14,12,2
48893,15,13,2
49094,14,14,0
49662,13,13,0
49917,12,12,0
49598,16,13,3
49847,12,12,0
50599,13,12,1
49839,12,12,0
50640,11,9,2
50551,12,9,3
49559,18,17,1
49804,12,12,0
49780,14,14,0
50788,12,11,1
51084,12,12,0
50643,15,14,1
49820,16,13,3
51045,13,12,1
49438,13,12,1
50939,15,15,0
50868,16,16,0
50889,12,11,1
49836,12,11,1
51059,12,10,2
51157,12,8,4
51445,11,10,1
51365,11,11,0
51105,14,14,0
49500,13,12,1
49709,14,13,1
50990,13,13,0
51134,17,16,1
51097,14,12,2
51613,12,12,0
51190,16,14,2
51530,15,15,0
51707,9,9,0
51066,16,15,1
50904,14,13,1
51643,11,9,2
51364,12,12,0
51936,10,8,2
51478,16,13,3
51944,11,11,0
51634,17,14,3
51951,11,8,3
51620,16,15,1
51888,12,12,0
51889,12,13,-1
51607,15,15,0
51701,13,12,1
51899,11,8,3
51887,11,8,3
51862,18,14,4
52202,11,9,2
51883,14,11,3
51879,15,15,0
52159,13,10,3
52122,15,14,1
51654,12,10,2
52414,11,10,1
52855,11,9,2
52603,11,11,0
51686,15,14,1
51949,14,14,0
53171,10,7,3
52691,12,10,2
52978,12,9,3
52439,13,12,1
52721,13,10,3
52923,10,8,2
52459,12,11,1
52695,14,12,2
52919,11,11,0
52149,16,14,2
52798,10,9,1
52971,13,11,2
52963,13,11,2
53710,14,13,1
52574,14,14,0
52699,16,13,3
54131,10,8,2
52967,14,11,3
53528,14,13,1
53902,13,13,0
53799,13,12,1
54175,10,9,1
53929,18,16,2
54399,13,13,0
54525,12,11,1
54071,12,12,0
54504,12,11,1
54354,15,13,2
54423,14,13,1
54375,15,13,2
54780,10,9,1
54134,15,13,2
54265,15,14,1
54477,12,12,0
54378,16,14,2
54622,14,14,0
54633,16,16,0
55189,13,13,0
55317,12,12,0
54969,15,15,0
54824,17,14,3
54981,17,17,0
55018,13,11,2
55338,9,9,0
55153,14,12,2
54636,15,15,0
55245,14,12,2
55495,14,13,1
55291,13,13,0
55523,14,14,0
55463,13,11,2
55081,16,14,2
55271,14,15,-1
55716,14,13,1
55476,15,12,3
55971,14,13,1
55736,14,14,0
55844,16,16,0
54883,16,15,1
54953,21,17,4
55657,12,12,0
55992,13,13,0
56507,12,9,3
54888,20,18,2
55986,14,14,0
56021,10,9,1
55529,17,17,0
56444,11,8,3
56813,10,10,0
56531,11,11,0
55982,13,13,0
56101,15,14,1
56798,11,11,0
57011,11,11,0
57339,12,11,1
56317,13,12,1
56535,14,13,1
56033,15,15,0
57058,14,14,0
57808,14,13,1
57257,15,13,2
58223,11,10,1
57805,13,13,0
58009,14,13,1
57081,16,14,2
58318,13,11,2
58558,15,12,3
57892,14,12,2
58873,14,14,0
58028,12,12,0
57652,14,12,2
59384,15,14,1
58443,13,12,1
58297,15,11,4
59351,13,12,1
58358,15,14,1
59030,13,12,1
59278,14,14,0
59197,15,14,1
59520,11,11,0
58296,14,14,0
59414,16,17,-1
59535,14,10,4
58774,21,18,3
59526,17,14,3
58716,13,12,1
59562,9,8,1
59544,13,12,1
59521,18,16,2
59522,13,12,1
59545,14,11,3
59546,16,13,3
59531,17,12,5
57716,16,16,0
59563,14,11,3
59566,11,10,1
59561,16,15,1
59542,18,18,0
59626,9,8,1
59523,15,12,3
59553,15,15,0
59588,13,11,2
59594,11,12,-1
59541,16,14,2
59567,13,10,3
59565,14,13,1
59647,9,9,0
59629,11,11,0
59630,9,9,0
59604,12,10,2
59615,15,12,3
59580,13,12,1
59550,18,16,2
59631,11,10,1
59625,15,13,2
59685,12,11,1
59755,15,15,0
59801,11,10,1
59766,15,14,1
59787,15,13,2
59821,11,10,1
59816,12,12,0
59817,13,12,1
59819,14,14,0
59815,15,15,0
59807,17,14,3
59883,14,12,2
59614,15,14,1
59887,16,11,5
60074,6,6,0
59880,14,15,-1
59837,15,15,0
59812,16,16,0
59886,13,12,1
59882,13,12,1
59871,16,15,1
59783,15,13,2
59903,13,12,1
60072,10,10,0
59850,16,16,0
59854,16,14,2
59798,18,17,1
59836,14,13,1
59888,13,12,1
60079,11,8,3
59804,17,14,3
59799,21,18,3
60078,10,9,1
60075,14,10,4
60073,18,15,3
60076,9,9,0
60106,6,6,0
60095,10,9,1
60099,12,10,2
60110,8,7,1
59902,17,14,3
60111,9,7,2
59806,16,13,3
60097,15,13,2
60103,12,10,2
60136,10,9,1
60117,8,7,1
60127,9,8,1
60142,6,6,0
60107,11,10,1
60102,14,14,0
60159,6,6,0
60120,12,12,0
60119,12,11,1
60116,14,13,1
60123,14,12,2
60077,15,12,3
60143,8,7,1
60094,15,11,4
60139,12,10,2
60124,13,10,3
60140,9,8,1
60158,11,9,2
60157,14,11,3
60137,14,13,1
60399,9,8,1
60392,11,11,0
60415,10,9,1
60394,11,9,2
60375,13,10,3
60603,11,8,3
60376,13,12,1
60366,13,11,2
60372,14,12,2
60390,14,12,2
60666,10,9,1
60393,15,13,2
60604,10,9,1
60407,13,11,2
60397,15,14,1
60412,14,11,3
60643,10,10,0
60350,14,12,2
60379,14,12,2
60651,13,12,1
60348,14,12,2
60895,14,13,1
61154,9,8,1
60888,15,16,-1
60881,15,12,3
60342,14,14,0
61158,8,8,0
60923,13,12,1
61152,7,7,0
60374,17,15,2
60889,13,13,0
60988,9,9,0
61162,7,7,0
61150,10,9,1
61160,10,10,0
61171,11,8,3
61167,9,8,1
60349,18,16,2
61170,9,9,0
61159,12,10,2
60926,14,14,0
61175,13,11,2
61169,10,10,0
61116,13,12,1
61178,9,8,1
61182,8,8,0
61165,11,10,1
61174,11,10,1
61439,8,8,0
61179,10,9,1
60918,16,14,2
61153,11,10,1
61434,10,9,1
61416,11,10,1
61161,14,13,1
61431,12,12,0
61729,11,8,3
61177,15,12,3
61438,11,10,1
61435,14,10,4
61433,15,13,2
61465,11,12,-1
61478,11,10,1
62296,13,11,2
62372,13,10,3
63947,14,13,1
65262,7,7,0
63130,13,11,2
61430,15,13,2
62091,14,14,0
64492,13,11,2
65279,9,9,0
65258,10,10,0
63891,13,10,3
65534,10,10,0
62313,13,13,0
64193,14,11,3
63075,14,11,3
62699,15,14,1
64980,12,12,0
62358,14,14,0
65256,13,13,0
65263,11,10,1
65259,15,12,3
63703,15,14,1
63208,15,14,1
63209,15,14,1
65257,17,14,3
