hash,energy,size
ac3d5293eae080f08c8d9b93a5b9f0d7,21.0,27
199ebd1c95bfef3b2b31671bd16b3761,5.0,9
9c5328f71cb96a8eecb7ffd4d420fd84,12.0,20
6c760541c8d6d2508d617541acb685e2,6.0,10
89f39494c3f5bbca1b7a7537e53ba7b3,5.0,9
b5ae12dbcb9b7e28a996fd11550206dc,21.0,27
90248d44f5008ad4ace8ae1a7918afec,21.0,27
2718ea22fdc33e2fdfc715ebac3336ec,9.0,15
c12fe3a0813c52b5cf7bf3808ceec5ca,18.0,24
c9eebda017c9b25c3a9f7008f5966fbb,20.0,26
ba23e1ae73659f5ee2462997708ef70a,20.0,26
29d0f5be23fcf4a076a34fc7b4de4af7,20.0,26
1a1ece51d1c53ba8c0484e1c138a1b2d,21.0,27
270bd231f33849e1481b64882a9d003f,21.0,27
6d4214123a3b4b8d4ba0c555d82f832d,21.0,27
d72162a9e12b3c7675e92a48e6e9af89,21.0,29
735862424856448df55f9d79fd21bf6e,21.0,27
26d8c20af1092da8a3adb82853a4323a,15.0,19
0d725e7c9aea893bcec687cbc402f38f,18.0,24
0c1f9b3f87dd03f5a5317134606db7eb,20.0,26
1e9555f1abf4d3835e6d0bf2875c8d8a,9.0,15
498a9089ae50ff74843710cf56ef7886,6.0,12
8d6295b1699132e877478cbc637ac261,5.0,11
a3fd064590f7879ae7eca6ff6250f3c2,19.0,25
79399394c574de53c70fdcbba60c5d2c,20.0,26
d922edb2aeeb16bebfe888501773d865,18.0,24
98f7a8194484888091a5c3a6a8be7556,21.0,27
cc034a0a651670b5e43e60467b444f1a,19.0,25
1e0b6d04c54d2db0888d94347497a29f,20.0,24
830cbc6ace8942b5e45d1788453b8002,5.0,11
a844f93188e310b40219a81fbaf7863c,14.0,18
b4c0186c2a5bdb9dad25705f6bc87e1d,9.0,13
0fc14503464d33fc7aee310acd4718bd,9.0,13
d172f68c39de1ac0dbe77d6c7ed138d8,10.0,14
ff30a7577d113b69b3651da8c2254ea8,24.0,28
aafb7a7d37ef2aedbf1994d704747a1c,9.0,13
3e03ec264128328854ceb8e6f82e930b,20.0,26
bb35e8e242d45356d25881853a9422d0,8.0,12
b74b4fd56578eadd861c6487e9ba0d5d,7.0,11
41372461cda39e79a7b2399833eb4d8e,7.0,11
38491a65334dfe8360dab9e501db07bf,20.0,24
4075854fc868751de24e7a47e75bf232,8.0,12
7766eb0c82b3ed8ebe9afaa9d2522d8f,10.0,14
6963d85d074e05fa80a3109f847e47a5,8.0,12
277539949275ecd5d58682e1bc73524e,8.0,12
2cee3c8bcc77832a552e2e3cd8e99a8b,10.0,14
13ce2a84ad2fdcccd60e2f9fffe22a27,9.0,13
315e8e2e3bffac73636406151ec34f91,10.0,14
996934d60df628da700c888d7d03a88b,9.0,13
9f99bbd669295a942395b93b35cdc500,9.0,13
1ee9cab215ceabf6906f2ec06cc48856,14.0,22
0bb8be25c528ab0ac2a56d23326a7504,11.0,17
9bb6c67732c97f7873fde98177b13827,21.0,25
80526f0972f433292c6eb49684930042,21.0,27
daf90118aa3c4ad8304acf6439286859,20.0,26
0f0715aa511e0d24fb93ebae3d129904,19.0,25
bc0e141f7c3128524df43663791a0cfa,15.0,21
a9a17786a2c599b900066a0806537714,21.0,27
040a925bb0cdc21c3cc79af2845588a2,18.0,22
47301804f6274a18e526d03abf80af63,15.0,19
6212de3d981adfd715987d7198d23613,18.0,24
351de0f119eb4dd1ce05495f3809cf32,13.0,17
8d5f59d3e0f717814011c2a51a795c6f,9.0,15
b9ca967f22a62976986001af59f31eeb,5.0,11
ee0ea48ad24007e28622fcdbf0e8760f,21.0,27
0a025d4a7bf29b209a366cae86f38808,16.0,20
b0a62b495fea6bcb6cfce1afa9691a57,19.0,23
f6cd35fc38769ecd85a3454e85ace5aa,19.0,25
6f5333648798b849ef7969a7766aefa9,15.0,19
4a22100b490b0a7e5319a23c2a15f579,8.0,12
00d5c7aef076307b4e74a1f95fc2d000,9.0,13
3a93e66a7df4401f3413782ceeea21df,9.0,13
3b8afa27999de6a518ea6ffc60a90f81,9.0,13
127f97b4d4823408ff55ca8e9cfe1bc4,11.0,15
a8a2a3eba2442f5ab75e002484524adb,9.0,13
90b2419bc77a2a56e76d9341e230602e,10.0,14
ae26151db79ff1a95691161c2225a0c9,9.0,13
5844d307f3f8162174952e456fdb7b73,19.0,25
7e70927ca5b1f3bc4fd287b994c01db9,19.0,25
248f99469fbdd43573c1f19aa4a44f95,17.0,23
6ec01b3960c9f60dd6bb93a72f456df2,19.0,23
061c10dcd053b76bc31b6eac2a24cc73,8.0,12
45ac63272554a742aa977678505e32af,23.0,27
aea724b94b5c2024d9dafe35ee592ffe,22.0,26
a29a1cee6fc861047f80b9ab154802e3,18.0,22
132599243ef74fa6ce3131369018cb7b,19.0,25
7ab61d99c219681190ccdb7485eb5458,18.0,24
fdc7c7534e784d64cd31d5277ab2c2d4,20.0,26
726873001443aae177518845920ebc71,17.0,21
ae59b4435c72c7ef3734b982ce7bd970,9.0,13
8b90509746e8fab47097239edc12160a,19.0,25
227ead0315dabc67440c5fc1a7f3ef60,10.0,14
7243698a0775945d2280620a975734d7,8.0,12
c4220c9a6986e8ea00758df30fec25f8,8.0,12
88af037d65d9a825c75dd2a68555ea72,10.0,14
955812a82c9f5ed56342605652b23921,8.0,12
8cd8cae02fbb2cef83dbdff40cd1f921,10.0,14
dfb22e0f731d89d2ab60f446034dfffc,9.0,13
293425f96b8b76fb28ce3be71c177896,10.0,14
f28b53dead4d5ac71de5c93e5548172e,10.0,14
cc645eedd3a3c1a93cf6feff6eaa536a,9.0,13
3696863aefb0e82bcadc99d96b4ab1ec,8.0,12
e7ca1bc821d6d7a6110546022dce8d3c,8.0,14
9946b2a31a9a5b3ae694de2b3944fb3b,10.0,14
d897be68cf364136421a3470a40b5477,8.0,12
e1ecb40490fea6ca377e104e8be6970f,11.0,15
e2795cfc3fdc0acde26b83b4284cb4a4,9.0,13
d7d370694256d74868da3aae06ca53b5,18.0,24
686f1a6ab7f27da20e20f805468f8af4,18.0,24
cde28d809c33c96f3bca0750ad30d281,13.0,17
d8dac2465acdb191540b4f7a64a8b057,22.0,26
bd9313aaed463b42c65aa99fb03735c7,8.0,14
b7a4ae8d771e37d97f4fe1bfc258efea,23.0,27
ce3293db4e5b76acd6138f5c4c9d3430,22.0,26
6448e9ae84e89dbd357025e8536dcfb5,19.0,23
e25845817c6bd154479645a590b01a1e,20.0,26
4649e5f4eedffad5213cf55615d82681,18.0,24
43c9a80e541d12db0b8e6eb2a1bd85d9,11.0,15
8d6c717774a47bb4c5afbc850c254666,7.0,11
508354d7f3ed2492bb6919f0bf880178,17.0,23
8cdf713f97f77d6e15705c64fd3deae0,10.0,14
57e0389d1821a38d71a697f77891998c,9.0,13
38e963e592f0eae3ffb55d0b4874f5f8,9.0,13
bf3f514aa3e84905ccde4d733e01156d,9.0,13
02ae64c73f237382b15d97818fb39fa9,9.0,13
517c4720592848501912a7526b11c48b,9.0,13
c97846d16ed2acddc0752899c3c04068,8.0,12
59bc553524401c550f2e3de93a744275,7.0,11
a4f431868044eac7e95d35e634de3dc4,9.0,13
5de8c328025bee105f4f2472773c2a54,6.0,12
c78b054f5d9452f595148adae9716840,8.0,12
73ec38fe4c9330965fbfa8b76d2798ee,18.0,24
52e1455e183de0ba246499557183f85e,19.0,23
567f03ec13294c33c8b513ba146a4e1e,20.0,24
58297fa802e635a6c11a67d46528a78b,21.0,27
7a7d82650eb4a4fccde7ab9f0d13afc5,24.0,28
cb2b6c8186091e226e314b0caf450ffd,22.0,26
09c361e206664ea1c60b5742247f0961,21.0,27
84ce2dbface172e76967ac1611726db7,15.0,21
50413cc3f47de15b059f4621b97e6dd4,18.0,22
e016bbbfd3f64b23e02b54659ccee171,22.0,26
2ef24c294c07348d828766eb8b504add,8.0,12
85b263cb33bed9b8e0d0896fcd0ad816,22.0,26
1c58422cd0dd5e767304434e3bf5b903,17.0,23
c408911421b48bd66d176516b983c6b4,8.0,12
ed40ea07cb669a7680ccebb06be612a2,9.0,13
18bf62d34b11128c09ab5ba883ae5707,9.0,13
0047334e6c2e062f6c2708776e153408,7.0,11
7580111fcd4f453d0c63fabad8d17967,8.0,12
7684489d937aecf2f3072b50bf97e7b5,9.0,13
b94196cbf82bfa48fc0a823e731cdebf,8.0,12
a36ae373fb657351efcb2f56a536a006,9.0,13
712058c06ad703acac994d020cb50bb1,8.0,12
f1e1b935b7f436584f0c438847a122ab,20.0,26
fbb02d5cab3b112c39b042b9b95fcf69,20.0,26
26fad9a0c3cca450be0668150ec21949,10.0,14
31485455b1ee8984674581f72e0dec4a,8.0,12
2ea237266d6cdc7053aa7fba757f35b0,9.0,13
2da87719c1cf6f042df365bc54782e90,10.0,14
fde9bd8e81313f72b6cc258c9a1fdcb4,7.0,11
cbf5c98338565af1d828da5aa5c3bb24,10.0,14
388c8cd07281ac702c885fedcc679faf,10.0,14
7fabab5f82dd91a81bb1dc8c090f4447,9.0,13
6b60c4fd3fcc35b9b0b31deac069b28b,10.0,14
60ef9b4683ee12d2710e7314db1e98f0,15.0,21
60e6da87176c3442739ff700c3d9b563,8.0,12
792e7332a342855837b44454b715fb85,26.0,30
636f170e8c338976018e7ab3cec3ba63,18.0,24
3801013a36a785b79e4da3e584d42900,21.0,27
113c9b39b72bebd31aa9b5cee0df1311,21.0,27
15de98dade415ae18c66e1294a40fd8e,18.0,22
73d2c260971ef05f079ae289cb174dc7,8.0,12
749b08e115f9b062483c22b0f00e58d5,15.0,19
8d62f57ea33bdf73e53dc58e9f679963,11.0,17
36d1fdca7a67d46867304a6114ab452f,9.0,13
1857ae8ed346b00b9fc14a3141664b13,12.0,16
240c2a0e4a576662f8556c2fdba90122,11.0,15
401c82d1991795b9bd917b6eeb29f83b,13.0,17
0271424bc8e8470f204e566635f208c5,7.0,11
92c72789d77a50e4244bbde9822dadd1,10.0,14
54853b419e57ef026dc5cb2f5a820b05,9.0,13
328c12bbc6a28ec5072e044201f5770e,9.0,13
6f7a211d765761f8aab42c1945bc8d45,10.0,14
b7d83e0833c32670008b7cfe0a7e264c,8.0,12
e6c7ef50b1ea964d07ec45da56aa736a,9.0,13
f56ba252c630350b96221d3bacaedc36,10.0,14
a9d74046d7c1eb53c6015ffc3754211e,8.0,12
be2629f4da16e61623387983e98e8bbb,9.0,13
682066e8e6896e417f7e5711bac343db,7.0,11
64efd8c220082d9abb504b27b68ac5ce,7.0,11
9d4674f62698fadb94ce68940d51fa65,21.0,27
6534831b2820e2998650422d28a78548,21.0,27
98554b78ac3e4b08245ec974f6f2e811,20.0,26
d3b57dbd4538a7cd7e658a4ad45c7927,26.0,32
04e3cf2fe9a96a9387ad1687c8d05453,9.0,13
a35745950381b7874c834f188daa5e8d,18.0,24
5892a3dc3ae7b5de58de84a2f6d115fd,9.0,13
19a49bdfd54e49d503de412275ed61cc,10.0,14
7c3208d2508d2ccf4b225f18f816ef36,10.0,14
c59386306626b82083c25efb0d22d31b,9.0,13
af6a7485acb4a33f45f744b783a23abd,8.0,12
bbecbce1d45110989a92ca37414fb6fa,7.0,11
4427692445f168a3bd8568da49fd8f2f,19.0,23
a0c9737504badbe61e1f003c157592e3,8.0,12
8cae4196732f2be9d5696f895153940e,10.0,14
992872ebc2a8cc637942a9f1d9c3ab94,9.0,13
ae8928c9bae1a15c89a455d1de528002,9.0,13
3db1f74e206b43c569fc555bfba2c0ee,10.0,14
62382e95b70d7de6eab58a9262d4485f,8.0,12
2ad161b3c4d9de589d1a13a7fd766240,21.0,25
e18b2e6fe0f03ba18ac3d239fda3d789,10.0,14
1e1ed2fd28f2b9fbb97a00658a0fcd0a,19.0,25
78fad7242a39bfcad74d297002ff022e,9.0,13
ddd7d04a797966cd8b83b7b80675aa63,18.0,24
8c5468fb95f20d83604af38a5de0cc79,24.0,28
22660d31077b9652b50e97ff9ef73a80,8.0,12
c8ec1ad9fe3f6f442408130ddb6e2ada,18.0,24
6182546f9436fdbb195e10834aba4cb1,8.0,12
4ddb7c9bd8213ee4c767d0f620f0bd76,20.0,26
152b2818d31eee504aa717107a0d13b8,12.0,16
36eb7bcc130c30ea37ce600155314d62,8.0,12
890d631f6ffb8e7d31e973894bd2ff83,8.0,12
424a79241bb985051f2e64f154b874ee,9.0,13
5bd374d31166ac09393fef2d78914dbc,9.0,13
0b1fa31774c477fdf811c1d862f4f89f,9.0,13
e6c7c483f058564bde0f14b3ed1e8f6e,10.0,14
4f03b648f2277aac8d6730d7594198f9,9.0,15
8e6ac0ac61d035e74e7bbbd15b449804,8.0,12
247d07e30fe1e5301bb1d773814f9055,9.0,13
6183c5b0a1f7a1e549c8a169cebfa7ca,9.0,13
e5ff295f322e051596e5de7712ebf036,8.0,12
e728b979e85e20c1691a322f0c06833c,9.0,13
fcd05f4caf1adbd3d8cbdcc1e8175bfb,8.0,12
037bc9b845f13ba93542e0050ec059e8,20.0,24
401dffb8bd9ceddbb307148a187dec50,18.0,26
9dc73fbba72d96c7f140fe34b8a9444a,19.0,23
77cba089ec2f357efd91823da8fbe472,20.0,26
ffe3e00b8fba8ce141146a37002b04af,19.0,23
0aed9e78ef3e37f027b643acd8313f7e,10.0,14
5bdcdf9e66b3ef235e1f0a359110aa2f,19.0,25
76ca260d0ae3be8d6adfe8596bcc5b17,19.0,25
b90dfaee6b9732f3f6d5daabe1481b77,19.0,23
03e6c333444ad9bed5de192fc829fcd3,18.0,24
264358be2f5f32ab4ab3744058c41bac,10.0,14
831e5762ffb13635081133cb52782f64,9.0,13
fa3568d2e2bebfa4d1a0b6adcea75955,22.0,28
f4ef72550d17817f2df5dd55837752ad,17.0,23
4f3dc4d24877df0927a367fb8f6470cf,8.0,12
99cee343bf51ffcacca676e07ddae4fe,11.0,15
f21527e1b64d510e729c8cada33584b5,9.0,13
37f3f203381c3215a5b27cbfdcbb1d56,10.0,14
41685ca4c3cba6e57b5af55fec31e8f7,9.0,13
4c792399b4542ba6a6463da4781f7a6c,8.0,12
952743715b8f62f1e616dc679aa83d72,9.0,13
c4b1444e3f23fe91fc392b1c939d21b7,10.0,14
360eac45c8017465595978f0201605e2,9.0,13
4c0e0db84ea7e8c2589a10304f15ee30,10.0,14
acd7a8c3e2a1b5720de1e5b9d478d5e7,20.0,26
9d78b60ffe17b83d3226283063702bc3,15.0,19
e2d4fffbb22a85cfe0b94e813a537c0d,17.0,21
957db449d7c3c2bfa60753380247fa87,17.0,23
137611d0f451462ebf870b52677c43ff,11.0,15
b9a5884ab4eb3ada3f3b3c5125e9e898,23.0,27
94d19718c76c18aa865bad3690a02bf1,20.0,24
9c8d873f06bb4701f72933073fc1287c,14.0,20
0cf3b72941789430f5fd06faa1ed4bfc,19.0,25
2053a7393a77cf93c1f37d57f157b8a3,12.0,16
19e2b5ec0b1d92d7593f1222789872b3,17.0,21
8e0b8d53abf788de1175da9dc6d7ac54,8.0,12
3ed38ee79eb6111f87f15ae44a4219ad,7.0,11
db868f48bc6dba97ce6841d7c111b46b,9.0,13
a348a65e5b21b830f394f1c5ae403c22,9.0,13
b2545505063eaf43aab1e76c472f997d,8.0,12
58cb6df426e4b5b79161fae3fb7c51df,8.0,12
c19c7b95ed3d3ed10ba79b7d39335d88,23.0,27
b005683761d750628cea69cb7e12a07e,20.0,26
1e2d42ddbf9683a029ae63d2ae2ae799,17.0,21
a21e6c2072708d4673f6efc661ecdd72,21.0,25
7bd7d4cd269b49be9601d5771d5eca50,20.0,26
2d0ac4a2dd75d7de053212e84309bed1,20.0,24
389d4086a60bf7f37ece36ca46aae61e,17.0,23
8e152f886433d88662a5e8f0b1580bb5,20.0,26
0c0c94d5e0f91e996cb302e6255bf7f9,22.0,26
dfe833a815626b8087434c71af2013e4,25.0,29
374eb986cff6d669611d9f859d7884fc,20.0,24
e6b339a12aaf93cf06f6cc5b76a6ae4d,25.0,29
b9454c8d271a3cc25bd0eba19c6503c7,9.0,13
51caeb758fc366ef82caef48e20ed9b7,10.0,14
95e971971fe0f65efe2b9e94a6844d82,9.0,13
aad9e1b7e34866f4accb044bab296cc4,10.0,14
bc8404d1ae917038a1bf910fc08a968a,8.0,12
b11cc89391adc605cbb229bb6f19cc82,9.0,13
55b76d8a32d5f7762cd2e11c0a688b2c,10.0,14
9ba4ea53d46fe45492fa769a07fbe6ed,20.0,24
4846cdc1076c28cbf6a7ff249bc91ce5,20.0,26
4d408a0ed420e6e52ba46d5ee3a68ecd,20.0,24
8ac84549c6359ec2f22ea87835adce57,21.0,25
9520a5bd6c70933b4c7bea14b1e48b3a,16.0,22
e1ef2c1fb159256f502de0b9a84c589e,10.0,14
361897211c1f7d43b018b1301ba03630,10.0,14
8e48395494a5778a4fc428b98c44a488,10.0,14
38fc3f9916c6e5065c8a2ac1b328b3ff,19.0,23
b47a11ac46df31e834c0d1a9caf5c3f8,9.0,13
664687b714254aa01c1afff8d3bb1d6a,7.0,11
0f01f22319397e9d69b9f291c28e1009,9.0,13
7bbfe8d65dcc5172f5b8f334cc450f78,19.0,25
96db826641e9c56858a814d86654fcaf,8.0,12
289a6be9db551b48d799487a3a0e7aaa,9.0,13
2970dd4d22dcf08b4c8c95791b0bac41,10.0,14
03023ff806c9ebb909e9744a46f1f0d8,11.0,15
5a8a9017ad6ad64e4cd67db459820ecc,21.0,27
9294e5b0b1f396f4969a28aaf9390bca,20.0,24
60fa2f894893efd65b91aff89cb785f3,20.0,24
2c5b0af63a3805c7e7ea46acb8de2f6e,29.0,33
7b78df505492757df5257bdf4f21e196,20.0,26
8224d3fbecd58e104fa7a1e028b931d4,10.0,14
f6104efc0427abe0648f5aad3d2cca85,19.0,23
e734dc24e0aefa7380ab664d7f14d7ff,8.0,12
9a2f1afa1dcad59cd64324a9632668b6,17.0,23
c1c2b06d4a226312a42f92321931a9e0,12.0,16
ac432a14835e12eb9cda8f141e1cefc1,10.0,14
5060d2a2d80bdba2251aab5972da3c3f,23.0,27
f6a9cc7eefe1eb064499ed4f0cdc7f5b,9.0,13
0ae17e61b2c91705536446afce2489b7,10.0,14
a1db23d09995682e18d82da2cc75a362,18.0,24
d0cfdef9d5373eaa2bb81d348042a514,12.0,16
41aebc7cd349fbc2ad24c94806aa9591,22.0,26
e2a630930c4536027390ce53373cdf74,13.0,19
38185f91b8c311edfd6b102457d4bea8,27.0,31
2f98cdce2d20962a38571a3eb9298e26,20.0,24
998f0d762b99aa7ef81676df3583c38a,33.0,37
9858e088ac68480c3fbd3bb6a207f54d,13.0,17
d540d2a36a4636f3a19c672c21a8db10,9.0,13
735ee5b712dbc7ee16aae4047dc62e6b,10.0,14
aed2cd200108aeec3462357fa182a3c0,8.0,12
dd9eb2bb656d6623c945de67ebe78b87,8.0,12
da5115b8acc551ea2ece2e80e0a80d37,12.0,16
27bc75e307120b44e967065dd83cf579,19.0,23
e63f0f5c38762955cb1dc0824d40f703,21.0,27
7ff50e9c16e344f32a4b49ebe76840f0,23.0,29
443425003934652e463178446104eff8,21.0,25
2fba4704be50c4a5a4a9dec0beecfc78,19.0,25
a456d75af025a512d1702d659a2be9f6,25.0,31
df74facd8835c935a211247014c5f661,20.0,24
4e58cb5024278114fe4180dab537e774,24.0,28
10f6f4b4ea27b78227b72f64465d1422,19.0,25
de814cf7625cc37f495c2fb3d2d1c412,21.0,27
980c705c90e921d84fd15e9a39b1e270,9.0,13
92e874ce198df3ea594a7a280f3d5aca,19.0,27
581684e539881259caf4739d08afc97a,10.0,14
109ee5315e98caaa761d48b9cb44cd79,19.0,27
97885031747a3449d6b812df754ae0cc,9.0,13
4d396226a87e6336ee27ac9ee3fd0141,9.0,13
5f5205f54426fe3a8c2ec578d08e632b,9.0,13
86ba8106bde4ff923399d40e5e95b728,10.0,14
fb519a3c32d37f5860e79e751eaae82d,8.0,12
a5a7d0ce844797b89b487c876dc6d413,9.0,13
0dee7fffa4877df9702b1596ff2ebf5c,8.0,12
67a01f044664b8c27afbfaa3c6e3fdb9,21.0,27
b2657618d117a5b63e027182cef4cdf4,11.0,15
239e0f2f165a9dd193316da85a925b3d,26.0,30
2e40d9e0103c89d7879f895362add5f0,24.0,28
7c4dcf82cd1f8514d801ec77732afa3b,19.0,23
b5c8bcc2f730048a2a208f2caf5c9820,14.0,20
421c1b40173d22856fa3e07709e3aeea,17.0,23
53921eefce64eda6648bc36e5779ddd1,10.0,14
a655b1b39a359fe6e75f01c9f7a9bf04,15.0,19
285f719d7565e290d79db037ece1cfba,8.0,14
fb05a139d6f50674477462bc81c96565,9.0,13
b248fa0195d6477d76c4dbf6145a92dc,11.0,17
46845e80cda6aebfcbf41e9cf4093225,8.0,12
0e83edbb8a40bbe9d54238205e8c0026,9.0,13
b795b595afd67a3c01e77e5da0b5bfb7,8.0,12
6d5d0814619fa55d8b6f90b6407fa676,7.0,11
1c51f4a01f868071eb28074f12dbead0,7.0,11
f83fdc4363fbdc7b568aa6519d9df765,8.0,12
3b091b5fd8f7a94a8c2ce970b4b5e53f,9.0,13
a20781a5941cc6f746a163fd5801e7ec,9.0,13
6e2a9ba86fa6535e4e84dc110a5719ca,10.0,14
9a9c8422a1ef0db5bb878833f83ba5d4,9.0,13
8331d187943216eee93a79320346202e,8.0,12
1c6fd1aff5285c1f7f84aa1f54deae20,20.0,26
6f2c918ba575b5717ca85ad2d31a0d56,11.0,17
deb2114f620529924b8b60ee1862bfd2,23.0,27
28440f1516cc8bc84b5902a35bead5c7,13.0,17
30c5c3e714927cc6227e6ddb6f1f3a39,18.0,22
8023a49d0132ffe2686e1b6b4a767c76,21.0,27
2e583ecb9e29ec8fbb06c34caa299bf7,33.0,37
2b0336570e44cb12abf488304136506e,9.0,15
5f2b368ecb23d865ccf80ced6d41753d,8.0,14
c29aac0f4631423efc6ba09ced927aa5,25.0,31
1e3bf664c482b011da6646e8f25533cf,21.0,27
f545a443b5bfe9edfb3da94b17849666,9.0,13
379a2a8e508e3d8855543b6c4b20cabf,18.0,24
8b9379878edb28edf7a5ddbfd3933308,18.0,22
e7910505aca4532dd229ab0998fb6d05,18.0,24
970ab20977107dd8504e5f199e37fc52,8.0,12
adf8c6aeae75c75d443179efdcf01671,9.0,13
34301ad21ddf11fa98958d4601638a31,10.0,14
d1616a03e1b8b720bdccdb928aeba241,10.0,14
66026a1a0c2ddf2958cfa2113e6587d2,9.0,13
3e3c1d2210db99468114166ab36e1a06,9.0,13
b9e909737201617051fd1e5c96e1713e,10.0,14
33c0934ba9327cb4cecfc8558f5b7065,12.0,16
4f47b2229ff392a7b9ef45034d966150,8.0,12
4877cc0ebc8605be1b10be39a261a118,9.0,13
1616a0eb1b2070bbfb7eb9a5741d0924,18.0,22
34aec499dc03cdc7ae81505132dd7ae6,24.0,28
9fa8bb9a0e01be4fd5b17ca2e8f26901,8.0,12
852edc7ec81dbff7de034a760cc29420,7.0,11
087940c25621664c1d5061a344035d7b,10.0,14
fc24d9b211da2253454f9cf157d09d61,9.0,13
77c39145315c72bf5fe146c91a130b8a,10.0,14
53a9e158e387076ca2135f28b73670b2,10.0,14
f4204dadcb181a9f6e0249d206a418e1,7.0,11
bac3a6c9c7816ec73e9c86c60de16bc6,23.0,29
31c66437b29ecd273ca1761c808e60db,16.0,22
598a12bb9b3c6e213cc68d4bff371348,19.0,25
e61d30f1307e24cfabee14df202e2d6b,9.0,13
7f57f8429841e778da688090127617f1,9.0,13
81333ce9821e6923381f624ca09ecdff,9.0,13
87e2df2cb742bab85780d23ca6251ad6,9.0,13
a21c75003f951ce9c022d5301beab6c6,10.0,14
b81b3512a8a299350b9bd3c205c3ac29,9.0,13
ed2db3fbd11bd1f12a1981a363045dbe,10.0,14
2848f61bed7cffbada096b3eff889d8c,9.0,13
ece29e5d915da0f092fcd6c5322423ca,9.0,13
c958c741dc80c230f92807c5748eec31,19.0,25
e19e0f76fe4d0ac3f1c1f5bef82a05bb,32.0,36
54f4aedba3b7fe5f7dfb07e8131b7c05,22.0,26
ce2c63d641f5bc1a942b7312101697e9,28.0,32
b0ffbf0f8e94075d06fa142ad9a9ed40,18.0,22
24725d62414a96444a2dfeb06c159a90,18.0,22
f172d251dce53e741d1bcd8ac1449add,9.0,13
e1a982dccdc66d48cd949f2b135b6d00,11.0,15
720a713a6533ddb28603d368a72d8167,9.0,13
61d8fc9dbe80c295b3c28ba17544856c,9.0,13
90b87b157c778081e15d9227b8953032,8.0,12
4dc2645692b372c40880de7938a3b481,9.0,13
71db08a6c75ea3db3ed15bb911ef4094,9.0,13
c75422561a53ac7ce2004098fb6dd130,8.0,12
5076ef09fef08a2f58bd6d530088fe84,21.0,27
b7b9b4eb4710d85e33a9297958c1fca7,25.0,29
c2c99228f76c70b9518a1b86dc20d553,19.0,23
4b452ab1b33ba562c612c4431e1016b8,18.0,24
11ebcde9e7f88568e0da68323f9354a3,15.0,19
53a1b61403c30e8022d4679831fb4673,9.0,13
7bcaf1638461837d36bf5121fcccadb0,20.0,26
004432355798d22016f52189fbff8807,20.0,26
62f31b9db87e9299902a827355bb397c,21.0,27
b6914ad2496d0237d0334aad14817b57,17.0,23
931814089d42350218a249000a086d2c,9.0,13
c03432ae33939dd3a4196b12bce34011,21.0,27
ee170fea0a5aa11d296f1f530943bcde,10.0,14
9210d16ce8897298de12cf931a3deef0,9.0,13
54c7a42045d93c352a5cc368391c568f,22.0,26
4a7ffd75b8053cc736cbee9ec51d3087,18.0,24
8b54a6e3eb8ce3d504e522c966dbda74,10.0,14
2621b026269a440d621482821dc8c216,19.0,23
31ddb805b66026bc9712cedaafb1df21,9.0,13
58af0420fd67c4ddd2ee58cc866c19af,33.0,37
79bf1dc907ec9309ce65673e977579e6,12.0,16
6d0a8d02db76e70f6555294f7793b33b,18.0,24
ee2800fb6d233aec4ee19ec637b5576d,22.0,28
46e1a68082c4577043206fae146be59a,13.0,17
23fe899b22fbb8fb2041e6f9be59c941,19.0,25
3f47acd9805924b48588507cf98ff77c,17.0,21
060fb8b209003caae3ff9623e98c006f,18.0,24
e5519d08ff772fe485a1df7c12521f8f,18.0,24
b31757330d87daff6f7992bba16a7659,18.0,22
494098ce8ddc62c161ddfa95cfc87ff4,19.0,25
062acef2d6f5e080ebf22c3f46a96fda,20.0,26
5f6bbebdde177b00f3a1ea54f2b57b71,20.0,24
a028b5956cce5aef722f5db1a8e916be,21.0,25
ec7987063d89c2d941e2901c7c385e79,10.0,14
5d4d2b3a27b460840bc4544b977d4ae7,8.0,12
e8f6835f9140b3246354425fbe38e402,10.0,14
7bc5f16f2b355cc36cd3e385b89826fd,12.0,16
f58f7fcd4f45e3786788f2362b90019d,9.0,13
04af80f0e80538617942903cdbf5b589,18.0,22
d40fd5836c90d1ef6da3a2dc8bf1fff8,24.0,30
8f8d45999807573b7bfce5107fbf9197,18.0,24
ded1b47f14f429d1375ba64f7e0cb493,8.0,12
07ab774253b184a27aa317d1982eb1ca,16.0,22
7443872c897eeb8c730ac4a6af2203b3,9.0,13
2004ec1c2c8a2e6939392286a105e10b,9.0,13
9c68e35c24b8f49d9e618a0eed4d8bff,8.0,12
49930ac5c17aaa7be226b094cb725552,9.0,13
4eae86837c61769ab8cdf4fa005d1fa4,10.0,14
1ce8706292ad68bb7143b0cea8bd86fd,7.0,13
2b8578bedf7d6299729cec82151d03ca,9.0,15
f0e7d7508d3f237ef35b1d2310f722f7,22.0,26
d9cedfa33bd4b0b43854f7fd246ef341,9.0,13
93ba2030399b8d022336ca64209f0f94,11.0,15
691e42b1b14eb11fad172b1f1fed1103,18.0,22
1d3b41467bfd44f3b7321969238afc11,24.0,28
f8428c47983473002c6a2d34a2bc91c6,18.0,24
ba2ab12ac0234182ef94de91c02d3f2e,18.0,22
6bd2c3ede83947b05fdaa9acea7bd2dd,8.0,12
34ef4c674ea88d6e8424e3fffa218b7a,15.0,19
88cca57727495ed8f3f5b49a7d96b3cb,9.0,13
30813f7ee6528280ef96f2972b181a62,20.0,26
89e6612b4218c5bce9886c781799fcf3,10.0,14
790dbd4666123354320ca3821f152147,10.0,14
b2f6f6a4b515f3b68e62e7a4340baedd,9.0,13
9828d0c54e93977068e6485b9c06b3d4,10.0,14
5be701310246ec7a796213135e976c3e,7.0,11
ca19146385e22e4e27a8aace78e69e0e,17.0,21
77b4569644374f9e8be0647d8d7f80ee,8.0,12
2f33f9d5f0d0d39486605f3a71a77f1a,10.0,14
809d5c5da07751f1a7a6a16b223497e9,18.0,24
fd8bc4946ebe52392dd1cc3498be2f8b,9.0,13
036f23b8054fc0237c7d732f774e1a02,18.0,22
05a79e6ee01ac8bb74b0f706335a7ea9,19.0,25
796721968fe26408d723d0a55022542a,19.0,23
7f43e8802a725022869fc9518e8b19eb,19.0,23
1729cee0980e55c32435c74b030fff2a,18.0,22
23f6514f93224599912271b40ed479f3,18.0,22
2dceae5b7808e2404a2f7e44e5eee501,9.0,13
682a459ba42e39a3aece5f061f23b24f,22.0,26
e80cc17d0501e3874c7040d687c1f7f3,9.0,13
6d95116d85bd4eaf34798a89cb46a2e4,8.0,12
569652714554697be3a469899e0f320a,10.0,14
56abcde4ff8c513ea39625a0edfb820c,8.0,12
d09f2eff5167061da99db9b45e655240,5.0,11
e87ddb4abc98ca8f723102c6b285870b,20.0,26
a36da71faf7adeca0ca1a49aeff92510,19.0,23
60c70571ce32feef274494385c450a08,15.0,19
b6fae81d37f97c80a87f12dd7ee645fa,19.0,25
a689090d7ee7b779c94493e1a9d57c32,23.0,27
1d11f922a5ffb40afcbe87de0f147fe0,9.0,13
cc75d6d46ce14062e7f9c8a603cf4a32,9.0,13
2f4c29509ed03895a1287c0e434ac523,9.0,13
7c717eb8f41b0daea99100d70107f2d9,7.0,11
f35a3d65fbf39f9d7a78ae7b3571c931,10.0,14
a28d655f141f2824de54299699f13678,8.0,12
ebfb74fad65c88d32f4dcb5b0f4f69b5,11.0,15
7a4768ec5ec29399ee29f25d45decb55,7.0,11
83b689d31a2616f93fc9988ccdd28c5d,22.0,26
7ce17f06609402aa2a62ad6b8aff0b7b,15.0,21
4d985f61e6e742fb02e34fc6e4dc396b,17.0,21
f46115a58e1dfad7791b458872fc49ee,16.0,22
085909edfd409c56782e09fdcf9d6197,17.0,24
446a0b2365d2760b39e106ac1b99424e,15.0,21
76513f9de5aefbb5928e848292ee5f5d,9.0,13
a0078c42bac32589ec088352cc1abbfb,9.0,13
e9d33c1c2316ccbdc2aa1081a38af1d2,17.0,21
c9d4ef7f45d421632d4cc3927c6f1907,18.0,24
6923e1aa5c7f935879c2139ebc1b2d14,10.0,14
21762c60c1c10261ec1344c8d1dc686b,20.0,24
5e816efa5ef0e3cbdb6d4806dfbbff3f,17.0,21
7cbc062bc20f1125a105b1d126b46f06,9.0,15
ce13deb9b7ef4b2140bf8cab4561b88d,7.0,11
5259fc47a8f64f5833035be4ac2ae1e3,16.0,22
92c1bfed388f2b0c4f3e621d90bce1c1,20.0,24
508bb68fa54f7db53e6eea2e7bd87822,19.0,23
02a946e84009676af38884938bf9c39d,15.0,19
5213526aa9b04a19ed71a494125a81de,20.0,24
6443136c30d5bee9f0f739e832745ea3,17.0,23
c7d215db101accc348260ef41f7a5209,10.0,14
52d9a490c2dd0aec8bb20cf1085ee365,10.0,14
296f9236b1e17a6f8165f95c68975fd1,16.0,20
133ce98243f0cf1f2d4b447629e981a6,16.0,22
ecefc8b12f9251cd91587b4ba4da3fec,18.0,22
ac043b6f0310a8bb0570b4e0b25a8a78,20.0,24
fb0e7126247619182882ae56b36d86b4,18.0,22
1bd85907c8e2a636f34032c03e3a36be,8.0,12
ff2177857d025201ea957af531d2f97b,10.0,14
db45a88265e3f96bee61c182140e3b9d,9.0,13
ce6319646ea55154610adb5a80e410f0,10.0,14
20bba0988e3db9465853305ad71e86a8,8.0,12
093ec53aae4f93c8515705ad49e85055,20.0,24
6220e5ac7166e6e52c81423a5f016b56,19.0,25
b2a99df8f963d81f4f2a453811437a82,17.0,21
6f9e0d151c7599a233224f94329fe692,25.0,29
83f6cac78fddb12a2d8bbea15158f56d,18.0,22
dbad77c517f2e060cd63a2304e65c69f,19.0,23
cc5f91ebf6b84480df8120a703b1cc42,10.0,14
aa81d55cfc183279827f36b18f35f46a,8.0,12
112129f1376c9936b55709cc4b85332d,9.0,13
ff417f6bfd147f265c420be7c3d6ec9f,9.0,13
c95edec0dea53dff02270af80f8fd23d,9.0,13
c8996fd84f7fc6d82835dfbed3a503e2,9.0,13
ea00a27af6b03cbcf53801f886b3ac0d,8.0,12
8f74e56057d10a25a044cdb7d250c428,9.0,13
276dfad7c49fdb5773a6e72c36dd235f,17.0,21
0c41af1ee4026221efe97f789beeba51,9.0,13
2d519811883962f09dde87f023245e3a,16.0,22
e5bcb135f405e1df74b31bb0347b5565,19.0,25
25f38f5e2d9c13ebc598e39e503e359a,8.0,12
a80bd6ab256f00fd2601bde220fcb630,23.0,29
bf5f9700a630c1e6ed731ad04242f705,13.0,19
6e4e0481bf0d7875ce4184e83c59981a,10.0,14
f9311b71ebbce67e4343c029f6ae3166,14.0,20
5aebe6acd4074ce92f87eb8165747399,21.0,25
02f3e513968d1ba6289baad2cf37c9b1,17.0,23
ece32d1f079c09cfe1379f82fdb45fe5,26.0,30
08827cfe89244cce878634ab1774e029,19.0,23
c8efa61e81ff5a6749a448b724b5aacf,12.0,16
11a7028c9b816870a46b968eb1988385,24.0,30
c8801a4b990ca20abf99c39a123c2d17,19.0,25
27c65cf221fb79dac3feccc6ea61f3b9,9.0,13
6dd83e4b74c1ef68b68b4cc414784ee0,10.0,14
2fc2b4d0457f5327c11d0d3b0bba8252,10.0,14
acc047f832c47417dc3611abcc759e5f,9.0,13
3ca8fd27ccde990e0aaa4351af6439af,9.0,13
c86566e0e47a00e35819ea4f91a1582b,9.0,13
4f9dbb2a376ebdf119a2e28b29ea5c66,7.0,11
2d03a0a29af7f16413ba3303cca62f0f,9.0,15
56475041a517d19028e8ae92f878ffce,10.0,14
127b9fc47b750bc627beacdc86200fbd,10.0,14
c76274dd471a2849020a4d102f77d43a,7.0,11
df636dbdc0e2242ff098caf9fc0a5f74,13.0,19
9a020af7948c654ba78d14ac9cdbb04a,22.0,26
2a2982df981414175bdb71834a48218b,15.0,19
550353b206a7e9fe450cdc4f012eb5e9,18.0,24
67ccf979ec5cc2987534feb08b376bff,20.0,24
66b3e552f899f067f96052d8b503a5be,9.0,13
948cbaca6dfa426353a92f99e3641ff0,19.0,25
25f4b8aa23f5df1dc13dfdf219095eeb,8.0,12
aca6bcf9f99df533bb4e2e2506026a2a,9.0,13
1550f0336c86c6c170b6eaefd096e65c,9.0,13
560b26adf77b6095bac9024bae019ec0,9.0,13
54a672a01378bfc08d72c7737e732ffb,10.0,14
994673096ad3979afdb1a6feadc5b96c,10.0,14
e536d837549af217e566651cd6a50e5d,9.0,13
61e9b17afd2184514e7d443517d33749,18.0,24
47bc8e8a4920b8ebc9b922a285b0cd61,12.0,16
b697c19301928f241e2dabe19123a1fc,13.0,17
759899e8af3a14d2c7140e46da775877,22.0,26
2f1b70742002f8f4d715e3a61d5a9ce4,20.0,24
9d14fb94e8d621b7150e50989df6e944,21.0,25
0901cd2fba8670fbf9259d4d81df35fd,19.0,23
6fe9204b4cda8633614259abfb12418a,9.0,13
dc90f3efffd67287daa7416d2896343d,10.0,14
73925ff425dd8fb95838341f22f703ce,10.0,14
fd2a3cc11799be08ab5d5b9f186842d7,9.0,13
584d66f72c64e34cb50582b8b09d2da3,9.0,13
db0d0a7d3d807bcd2d105e6e6842f4b2,9.0,13
9817dbf7b94be27398bac2721d30b0c3,18.0,22
74c59ed614e05c5b2a26bddad8df89bb,16.0,22
ae70510ef02d18553cc2bb9630b63664,21.0,27
b6e9ed03af15d69f3097ee061d91977c,15.0,19
e7f9962dd5b6d12a45d00d7732f45e64,15.0,21
a6d7bcfb4ef9ff8f77baaf741c521a53,10.0,14
32be1645b2f38b81c8608a90c8f0cf14,9.0,13
080f10aaa4fe645944b31764e1befa06,8.0,12
d877358f18506fe30cb6a87ee22a7b27,7.0,11
aca7bebc5b36b5bb1443e33ac841d488,7.0,11
5a0bc119da63ae87cc8b019caf430e19,9.0,13
5c79243862731e27af9a3fa614972c9b,9.0,13
69df13a51e3671dd0e6aed9d1728b1c6,20.0,26
0990c482facad956c47745080aeb3341,19.0,25
ae9c19cbb4b1175dadf158ebb06e6bc9,10.0,16
ca659fd4e667327214507075f70bcb87,24.0,28
8a4ea5dcef266f1d8c6d5f3d518bd1f2,10.0,14
e7ca06072d4f4399975a03ec4919cc46,10.0,14
6982d18c88afbbcf4147d22d9ef9adb7,9.0,13
cb2024238f06ceae08e5b1294af50d5a,9.0,13
693c5145e600a147ed82af6d17a45bd0,10.0,14
5c982cb04aafbfa4715a14a5a345f555,20.0,24
7127e575afc2874e8f3d5f0c659f372e,10.0,14
e806da412622c5aac641f06285ad981c,9.0,13
36dbd350dc4c55c997797bda299d6ca9,20.0,24
915eaa83484797743c5aecc41300d03e,18.0,22
c7823316fac2e63bdf9c94c78a7d00b1,7.0,11
a99975bd3141fd5e79242f96d0f30451,9.0,13
6727712dd297d523eadfeedddcdc3060,9.0,13
913ee5c2534b268b0df2fcda7810e83a,19.0,23
2afa4711fbc1b7e19714fb6ee5bf73e5,19.0,23
f1609934337a22944ef9419559d64304,16.0,20
18afe5b9bdb8a6421433bdd0ada92001,20.0,24
56f3f71b382453e60a8e12bbc52f0ea1,9.0,13
93a4320943451e1d2c051d6e009b843b,9.0,13
3abfa0ce290c36d435965cb6bed3e32b,9.0,13
ec84e6225a35abd36683b222458f4094,24.0,28
e5921c270cfe98a62d14cc54a36bc0a6,18.0,22
ee9e022114d32f510adc752476fbb1c3,14.0,18
b3d04add01847da4003ea422d7e38eaf,9.0,13
fd52142e237e92fa8e8b36905261884e,8.0,12
00a8257780285798a125c2d9efacc185,27.0,31
bb5c3d568d95454f57b144784825ad5a,9.0,13
7acfb9f114a4563d9b6603473f799caf,9.0,13
102e5b92e659346585f0acab74b04769,9.0,13
ca3a2bf1e7be896882ec871b9f3783c2,12.0,16
1966e391980fa9a3f4198232744bb13c,9.0,13
242a6f881cd41aa44f826ed8b8a0a47f,9.0,13
cbe5c38e96d8256aeabcab3fc1c62e3f,9.0,13
dff330861115331962cc9af3018ae0d2,7.0,11
927aef5f357093c572473179deccc9aa,19.0,25
1d02c9e18d321ecb8af9b9377ff22b1a,7.0,11
13f63e2f6df2761abd16dc003d7a0394,18.0,24
b0236cf2426793654b3dfd78a887006b,10.0,14
864f1bb69c6216f039a8ade583982df0,22.0,26
66e0a97cb83d1835ad37d41fedabbcbe,10.0,14
12b045decc4c268d34b49b4cf03d6c48,9.0,13
534ef00a8f2631f85bc5348dddc7dca1,10.0,14
2edef3e2eac5a752dd70b5190f05205c,8.0,14
50fdfef4866c4776b52a2a3812d8e38b,22.0,26
9cc6eea01b01bfc8db63f5d212d81007,19.0,23
b41ed93b181f3125cc906848ebd94c46,7.0,11
2335cc4aa0be9ab78160510b015976d5,20.0,26
30be693ad329c76dbc89493a5b8ccbd3,19.0,25
2b641377b57edde9e516f4d6d06cf70a,7.0,11
6fb31fd4537fcbe355b11cfe8b8b6fe3,13.0,17
3aba12ccccade1368c34cb159ba6f2dc,9.0,13
86b322295596e42c427bae2cd97ae1b3,10.0,14
c7d24bafd82f27c93f8e3e0a01bec89d,8.0,12
0fc9372101d94ede46c77aa9d9660070,9.0,13
8d8a21a7546057fdf62e126f2e0c9e0d,21.0,25
58e1d2d452f83b8df5c0463e0ccf7967,23.0,29
8c54bb017ac6c532b76680e1371c3849,22.0,26
da9a397248046ef521fa87b956e0f03e,20.0,24
7b66368324f713ce9ba0a4c9fb9b81f9,13.0,17
e60e57ec5df3005fdc41597421ecd329,18.0,22
a70ed776093f03c500e8e8f985de38b5,23.0,27
de0f06cb755fa914b86ff37b8525159c,18.0,22
b4320fc437d57f98a21b331f72484d0d,20.0,24
11879299fea73890d130c8612044ab4e,21.0,25
4f42b0273b2feb525911e8d1934a156f,15.0,19
df30131879c414770f1c09c5be2fd8f2,8.0,12
49098799870d3a4c0b7c01ceacf5c314,9.0,13
1fb8bb95939bbc8dae6ebd777a30c9ca,9.0,13
74176d7e48dd1661ffa21def85e320db,7.0,11
aaf74eede543a295fdcd5ea9a6f88d79,21.0,27
fc7361d4bc3c2d46d89267fb4cbbfba2,15.0,21
bd1ed4494806eee655834212dfeb9d11,21.0,27
44948d55d44ab2916dadde7b9d9a4c2d,15.0,19
566243ad68ddea8db8df66e7db0fab82,19.0,25
76f0f82dff176a1b98f53fad0202ee2d,11.0,15
eb530bc4a6561abade04f28388292e58,10.0,14
fbac30d378a2950dd484ccafbf372afa,19.0,25
12718f10987c62a104e09657190c420a,9.0,13
568916f75ac380c04235c4357eaecc04,10.0,14
f27956d4818fa2f0c0a21f41b5a13ff6,8.0,12
2cfaedfa4aaaf903943a024fdecbc751,11.0,15
b9117e66a2c3223bfcb76b5e39b5db2d,23.0,29
360f6b32dcf6a36c3bbbd405419575ec,22.0,26
ea7a89155f67e1730ce71c36561ec7c9,19.0,23
2a808a2347f71bf22201dea2a024978a,22.0,28
e59939fbb77869543af4449b276b98e4,31.0,35
9a9ccb43585a294c5aa5f4916becac53,7.0,11
961c147dae7dca6167be287d6f3be7f1,19.0,23
653b395ddcf3ad32bb9e94cc040434bc,8.0,12
a006eb2ab629d1e98de32f63f9c22f7a,10.0,14
a5b312d303aaca02436e323a34eb3ad1,9.0,13
4e811a6311bc9cb6dc4e4e942f7112df,21.0,27
9cea8c0315d9165009f2ae0734f6acd5,8.0,12
94df3cc333038cb22450f9e01171b2fb,19.0,25
7383227363038c0d9d2964866039003a,17.0,23
ed1ee43b2f45da2dade7b23ee3e0c7fe,22.0,26
ff7dd78292f3c6844ea9133326be67ac,9.0,13
e3153a0a1c093e07f117e62395dbd894,9.0,13
c824bc178454c7fcee76d7e372aa1848,9.0,13
f59c01a9665b213f5c496543e1480b2e,18.0,24
8db16a51e7dd9eb6294de98a72165a89,18.0,22
d73c6df50300ae9686d404ed9207e0fb,17.0,21
a00e4dc0280733b95f67adcc9f4cb046,20.0,26
ccae7f54646d49425fc4e99ac11e9fb9,9.0,13
668d98a393038d1dd2e6dc4e08ea5f87,16.0,20
8da43481c09462e9f5029815cf2a4827,9.0,13
05b1d139fc9e8db502ab54199a24e12c,10.0,16
fafe0b2c35c2fc1ce9462336df5c6bd2,10.0,14
4f72aaa288727b854a189b40422a7cc2,9.0,13
12a927d7921e5500ac7f2671acf743f5,10.0,14
72d2674a358bb80cd77066e054463915,8.0,12
015233f5655362df4082415110e943c0,8.0,12
c47673020a597d9b24ce227710acba2a,8.0,12
117e52709a68ed3ed256fef360e1f796,10.0,14
55a89e4f0a73af69b424f878250fd880,10.0,14
80dec4297bc56a3965440c479d10c879,7.0,13
2bee934b6f633a79d51b4439de5fdf13,14.0,22
04b770d5182ba23ceca3f66c8c9d26c9,13.0,19
159b306d10ee530ac1a7cab6c78ee95e,8.0,12
8e622112b92896404be8cbad231a31ba,9.0,13
63e2236f7c87e3567a0a2f298e79575c,9.0,13
fd5af47a3a0d4f13b63990b729fe814c,9.0,13
f54f304d7851c251eefd9adc7d9f2cef,9.0,13
877d6dc7777577f9aee4d76b7fca7300,10.0,14
519a3ae58f1de5ce826b094fc6e7640e,21.0,27
88f73e9bb98aa2d46fadc5537161b93f,15.0,19
0b1d6785dfa66d446c645c9c28484d65,18.0,22
a1f0ffe02b78959d6b0544816efc0bdc,13.0,17
0b3926f1ac83592eedbb4a3eb91df457,9.0,13
4ee7eb198b5c7e962acf0fb1a7ade467,13.0,17
20bfdfdfaff7ef03179a68eece337e07,13.0,17
61649591ad7f840805347f659aea644f,10.0,14
29a7c710a471aba96410a8b2b8e1ea37,18.0,24
01eeb23bb960640f4822312d91a043c8,8.0,12
b33678ea54a9cea7ced8b36abe0e0d26,9.0,13
0271720c90f8ca0fb6d3c44650c18907,9.0,13
a3c25e87a1e53c9a367fea7d90cdbf28,8.0,12
ae896a92b9e01f52fccf8ea85e3b2daf,10.0,14
4047102673a59cfac2c3336084bb1c1c,9.0,13
567ecd3dc2f866d13edd3d8ea3b7f71f,10.0,14
5264f870aedd28fbd97e3bb5d4e0dbb4,23.0,27
e8fdb8148d867744866ce2ec9265f5e7,15.0,19
9c717ee8eaa38dd0a6ebd8835be02f6c,13.0,17
f426c07e96e558765f246439be040cb1,20.0,26
26fc0639edfe581a9ad38aeb13031859,6.0,10
a0502abbb1104ecab2e4be3f502e77bd,10.0,14
222f91d3eae74426912b3645a4a0e6c1,18.0,22
292add5636ded464307c67eb4d79831f,22.0,26
b46fa3b09b90297dbf0e352e239c70c3,8.0,12
3535262ceeea87aad2a38c9f521b026c,9.0,13
07b8cb34e0471a588ef41b583c581fa3,9.0,13
e99b58b0db3b23e423ebceecb39f7d82,20.0,24
05b13810db3b459aa057cfa8b73bb506,22.0,26
ff41d0f035bfc03a8833bc92d5752a54,32.0,36
1af3cb494711aaedabd2a30c088a27cb,8.0,12
e93c4bffcbf0d660a7e9de5d04c53900,9.0,13
4e4b1d214365761f23e424037c2fad43,16.0,20
7a7c6814e0bae8a949abc11d23b453f1,15.0,19
a5aee4283c89a38ac18a72eacc6db4b9,21.0,27
4dbb94cf1e29e98d72e8dc990395dc62,10.0,14
8ff1cfd727b1354754832970d2a8833f,19.0,23
deeff7f4e17857f727bf21ce652598a7,9.0,13
e222f1b625eb2352475737899bbb18ca,13.0,19
4bffd22128fe086711c6dd4bb98df275,10.0,14
bfc7286867cf4c28780e7a672e46292c,9.0,13
6eabd2e0b374b73998a327be6b8a15c6,10.0,14
05e89e49815d70f7da31f26f9831e6cb,9.0,13
3174b34b551e604e859f41ac30669757,10.0,14
639c081f5694a95fe00845e36ecaa63f,9.0,13
5a38a0b3300785f4ef7b447c8554875a,20.0,26
fe40e729fb255cba0afea6995b60ad9a,19.0,23
e8842c97a2d9f22624608b1948bef8bd,11.0,17
09698bf6a30f5f17910800b0896ef9b7,9.0,15
5c155f8931ac13e576c4d208879bf145,22.0,28
3968dba3f7c46def5c20d0c11593141c,17.0,21
19e219d624313c8153450c8498be7827,17.0,23
f67f56a0c329a08173f05c70262ce8e8,9.0,13
77d434b2f72607d6d04fb069029bd028,10.0,14
5bd81fd662ef9a1a5754afeaf39dfc8d,9.0,13
c6b711708b1d16a5421febacd4334f02,9.0,13
4fe73b9002b64838c1043c056a71859c,8.0,12
95f2d40ceb1bbd299dee867ac90010c3,10.0,14
3aa2c67be9c10be05f24c9b4c8269cd3,9.0,13
1635464fddc4c2609538b2e8e2519f2f,17.0,21
0149888a30f52a22b0bb6ece9b6e35e7,20.0,26
3559a5ceca0821d18f9f316cb079ac12,18.0,22
f31cc77393c3a15bdc352563f981f7a3,8.0,12
844487a02d2d5daba4452e13f3494c9f,16.0,20
b6f7bba40b296d2c68cc4fcc9d4fbfd9,7.0,11
72a4fe7ca3bc8ca29bfbfc1c69c75ac7,9.0,13
dde0f3fc6a0e683abf17c40fd7a718aa,10.0,14
28f7eed0c91497b9feca110c71eaf91a,20.0,26
5036eee16011a8aa32b2e71913f71219,19.0,25
4be5765b6e3890e2e1d0f31289b4d4de,10.0,14
d13d8755c7c65af1f9e4077df5d014b5,12.0,16
ebb757df38ab4998c72e8abbc8daaf80,19.0,23
c0980801d5a3b99a51477b99ae146869,18.0,22
aefb8451cf60143ffbb5389c62469995,20.0,24
9d630bdfbbf8c3c9f0e21c50ad4e9a48,21.0,27
7cc27435568c4215fe0b83a54ca94305,17.0,21
eed4f903a84057aa019714d2f093d64d,19.0,23
cd066cf2e810f2f5d25bf97cee9f1921,19.0,23
8ba5f551d6494c0c92883ba4cb751167,11.0,15
71a58ff282a91324c77c499a27037de8,17.0,23
b5d5004bd327965c12436651b54533af,14.0,20
c764041237ef9fb1828ca640ee926868,18.0,22
93a118524f3c963a201db88eb36e963a,17.0,21
d1cd1dbe2afaf32014232bbb4e8a0619,19.0,25
5167df5a1b52cfde2a1b4322aeeea8ee,22.0,26
1340a030cbd12809edb813de641bd41f,18.0,22
0914435d154ac487a702da37106326d8,16.0,22
c4743a91a065abe17afabd2dcfdc8ef6,18.0,22
6fe2820ffd57df05dbc949f0e405ef0a,9.0,13
d7ae0a7671a190471caf57b453227494,24.0,30
479fe98b9ed97795d0c8293dc42730e9,19.0,23
35d3d80a0cd7a6c13d2959d8cc1a0f9a,8.0,12
303e4692c1d956655ce7dd42227e4eb8,18.0,22
8a0b0091979897feb169ea1d26b62097,9.0,13
141e483d05bd7a7992124b6bd35e525b,10.0,14
0bcdec320c9c0c42813c12b468fd20df,9.0,13
0aa11422767c7c8dcf888bb572bcabf2,18.0,22
11bd362229e4b1d4b9e6a332dca4ab77,20.0,24
5e0883f86fd41b545f4ff1e353795deb,10.0,14
68e3dd94f7a105d28c7351f14a1b60a9,15.0,21
281ba079e6fc5e4ef6cfc8eda73bb12d,14.0,18
84000ac15f43c851e34d584c534f1a60,19.0,23
29c66354e836465651d42fcd2d388282,20.0,26
b7a93a16e0685017f515b4b44214dd92,22.0,28
14b98de8a7ecb175cb54867a1c2cca07,17.0,21
aa0e8f286e8079cd315d4aab84f67a2e,10.0,14
028fd2dd8bf68ea811672acf2609f6f9,10.0,14
3e36571bf836583db0052a7fb88c3530,22.0,26
a9364e6de512776f2e8dc3e3e5d311c3,24.0,30
baa2576bd0bee0018bc30034ab61aade,13.0,17
79acb513d8debaa1ba94bd998d141cb0,19.0,25
f59b9fcb7c40c785a39ebab2fbc38dc3,17.0,23
397390caf2050b2280d68f60bd272548,17.0,21
ee06123ce52a151e78ad6a3d60b1c0ae,22.0,26
61b6ed8d85759787f22eb68547fd1ab2,24.0,30
d7a070d918eb3e64121f07e053385d85,23.0,27
5e833bdbad1f55e5adc7735e392affee,21.0,25
83706b379378d2dafedce7f898e43588,17.0,23
590708580509201161ae9f0e8e5bedd5,15.0,21
29e94b878ffbea7819fb99bc8cfcbc18,10.0,14
5b3f4b4dae9a27503ad2f4d9fe3d30ae,8.0,12
178262354e32694ac227a3e16d78c406,10.0,14
7171deff5b3240ffc0c8c64908832b1b,8.0,12
74def89b36a0aa17d66a33384e5ef19d,10.0,14
0889cceea3ea18ec5c5ad10e19385603,11.0,15
7a972d0f2d9001afeb84148816b5e594,9.0,13
be64c35acbdc1ddd152e8288202d667a,9.0,13
6447d9598d59715f8f97122ee9ac328a,9.0,13
9fcff2d28ee1b043ea45b851b2395970,10.0,14
19bb48eeda9258f213f41ad6aa8494a5,9.0,13
2c9183560ac2230c4c7eb45615d53321,17.0,21
1f8b41e29dd3003f425ace0aba92df5c,20.0,24
6599afc7259cc0fb0daff3e9944b4506,22.0,26
12c1b58e2527c907ac6302e175d77376,21.0,27
fc4b5600eff20c8a5ca56e1d0272aefb,7.0,11
aabae55631f15b3ee0633ad12ba62440,9.0,13
8ace2c2a3cf605298dd7f09cc2c0a0b3,10.0,14
9156bab77b378c31019bf95feabe8045,10.0,14
cb096d121317460d7b3adbec3231f853,10.0,14
2eaa38709e4d4075b0e7019b3285ecd5,23.0,27
7adada74e6284980e8effd462353a894,17.0,21
30d436dea92ac58953375e525ebe0c39,24.0,28
4f7baaa06803dda4a282fbe9be5d5632,19.0,25
d27f27497bfeec69e35b7512b1ae002d,9.0,13
9e47aa327306d20f095d075ec783290b,18.0,24
8bd918dcbdc4a522123cbb533b11eaed,10.0,14
9d979137fea7762465d57232b7766112,9.0,13
9da670dd7ebaa9afb1e70c7fcc9b0195,16.0,20
eeddcedd0e73e6b0699bacab17c3c32a,9.0,13
886d93b6b720981be814f1e4f2fdde80,10.0,14
f0fec7f10495398d98c58ef48380bf1c,18.0,22
9960cc51742beb1018dffa5b8a7f9e5a,22.0,26
de415be49b355d028211719586284f81,9.0,13
306867445ff43b953d9d3354765a68a2,9.0,13
c2fb496236e2e35d9cf78151e0eae1c7,19.0,23
029c1ede7bf3886f92991507637eabf3,17.0,23
1f653b6e9a497d9786338742ac3561d1,19.0,23
ced24389e97db94cde2e72100e2badd7,10.0,14
d0ec802a395bd3411d929b6939a1ec18,19.0,23
725b294aabdb190d64280c3c2f34fc88,10.0,14
f6a221e4a47729c38d867f8b8d3ec317,7.0,11
58d67627ad0b82a590cd9d463996b099,9.0,13
8a180818c92aae2c4a482f281f6c7577,19.0,23
b361bddff14782e37b0998f5ffce2dd0,22.0,26
b548a3292f3cb7e8d47a9ef79ca3c4bb,20.0,24
62445f646cb6f8b10aa2241dcc6dc070,18.0,24
e26d4738d6ba4256ada0b7bcf3a4734a,20.0,24
49475473ce361552b720cbae9159e821,17.0,21
78144679d17708b873c3e919819ca44c,19.0,25
b04cb80049d416a87e6397d6c9518a62,18.0,22
1bbd429649349bc2b3d3206c7cf1386e,14.0,20
64784450a7b8786fb904cb384d083ef9,9.0,13
37622be31d39d4940ed4cfaeb36e8014,9.0,13
bb48dfdfbb090270c96c71cc987a3a62,9.0,13
2bed127a111649c3198e11f2a45f1366,10.0,14
7245d1ab074b52ac1e0be7e86912618b,17.0,21
121ef3d9bc548780b573389f2927fba5,15.0,19
e663bdb10c26e49c4cfcaadfa2705923,19.0,25
4f5d525b71bf2f6ed5395d346bd4c60d,20.0,24
7a22a907b71ce76a033db1663cd52a18,9.0,13
4d5ffccfd6882c389e2d50540e60a987,18.0,24
2fb63210258435f766b5751b8a747e68,17.0,21
a3030e2f6e3f38e51e79f9707a91f7c9,20.0,24
78fa3748d299f8efa4a1e4b73127ec12,13.0,17
94cb25b078a18b16c6a7991fb60d6865,10.0,14
f1bbecc8536a85872060964c24a09976,9.0,13
fb937f0e87b509e299e9251d18d96c4b,10.0,14
99c1312f12f555cdf404ced8d5197bf6,10.0,14
b1c38dff6be74e3e8f1056d219124075,7.0,11
0502df74046b4bd85829a5106e4b2271,14.0,20
eccebd2dbb6c23a1975f9150c69c76c1,8.0,12
ee1b6621f0b5a6f003fe69294536796f,10.0,14
4427e9683f57bcd5cb014e17ad52d254,10.0,14
6c9a9f75fd827b3a73166a45b7c46f92,7.0,11
900e03c02e4127d3fe07c5e0c4783fd3,9.0,13
a84383f120f03df5969eebaea7098ef6,8.0,12
d74ba32ed678d6b8a2148d8b2cef3f0a,23.0,29
fbd6a19abef6ed11f71dd56b2db33c65,24.0,28
0b9abf09c50e3eb298bcd1948d1b0aea,20.0,24
37c4fda59968d01bab247fc82867fe4f,9.0,13
d4ba42658e1e8209cdeee6692b35b6c3,10.0,14
c7e072b9e729ea869fa6f7360c9b56a2,10.0,14
547a90b0b2429132a68fbb00069f6bf3,9.0,13
80060bc906580aac973b266c67ca0ea1,9.0,13
681ffec8ac3c626be7f23c29ca094344,16.0,20
1152a5aa8cea55bcad39eef9f8bccaf3,22.0,26
098d3bcf24e06353d2eb8312b6fbf90b,16.0,20
8b5c1a4c60b80e854078b930ed7bc707,13.0,17
d0dd8ae863e1297447f1a40d61c3dc35,22.0,26
fe95cdd49fc18ed48dc2f9617b6f3875,23.0,29
be7f53e959e7389519675ad5ef2315e7,22.0,26
bb6ce442cbc39ee801da4ab9ff63eed0,22.0,26
44c9b1ed55199df8173a63d12e0bfd45,8.0,12
b1f392a2b31321a7cb6610c75c7276cf,10.0,14
e28ac3c064b8ff78dfbbd9b976bc9197,22.0,26
b0007abb9a213b1f4ef2318660f22d8b,8.0,12
8400c69b714f1f1d83f795c1965384c4,9.0,13
17f8231fdb2401d421edd9dd40e1c633,9.0,13
99e35a7989484670705ca61d6cdc2ff4,9.0,13
57a59026e00a2ff991162278a449e6ad,10.0,14
5f5a43427c4599fe545d8e2fc3ecad32,9.0,13
